latitude,longitude,moped_road_distance,distance_geodesic_km,moped_delivery_time_m,drone_delivery_time_m,drone_unavailability_time
59.317080015967996,18.06837723949744,1.03767,0.31006100200393194,1.2402440080157278,0.3720732024047183,1.0025305731460465
59.31651710735101,18.048048119855064,2.3060500000000004,1.427902242103173,5.711608968412692,1.7134826905238076,4.616883916133593
59.311686377090446,18.081863025994377,0.98307,0.6689448590789931,2.6757794363159726,0.8027338308947918,2.162921711022078
59.3048207478143,18.071387434062526,2.08877,1.211920943523398,4.847683774093592,1.4543051322280776,3.918544384058987
59.31150207164087,18.07634809516779,0.93945,0.5000706386512027,2.000282554604811,0.6000847663814433,1.6168950649722222
59.31451589593473,18.104214440989395,2.12752,1.7784617932861404,7.113847173144562,2.1341541519433687,5.750359798291854
59.30863055170598,18.09786970249573,2.17027,1.6154778803935617,6.461911521574247,1.938573456472274,5.223378479939183
59.31198324469935,18.07454921171389,0.8954,0.4188337031941796,1.6753348127767185,0.5026004438330155,1.3542289736611806
59.32049553800163,18.04581062885693,2.43227,1.6426909035696107,6.570763614278443,1.9712290842835327,5.3113672548750746
59.314187843941646,18.093924441308108,1.46356,1.1991957703496354,4.796783081398542,1.4390349244195626,3.8773996574638216
59.31825669010443,18.027375689090153,3.7063699999999997,2.617888766088482,10.471555064353929,3.1414665193061784,8.464507010352758
59.31808242620798,18.07205507777378,0.95809,0.2753115620556346,1.1012462482225385,0.3303738744667616,0.8901740506465521
59.307910701127994,18.080598801051757,1.69181,0.964565993295842,3.8582639731833686,1.1574791919550105,3.118763378323223
59.31628501850325,18.06508238629802,0.9413400000000001,0.4598927362120725,1.83957094484829,0.551871283454487,1.4869865137523677
59.31642919279769,18.081284104147727,0.75905,0.4756275979932521,1.9025103919730082,0.5707531175919025,1.5378625668448485
59.32006915721825,18.048135336635195,2.3617199999999996,1.5020657037998741,6.008262815199497,1.802478844559849,4.856679108952926
59.31529292606583,18.07234671110852,0.34447000000000005,0.05836400372736758,0.23345601490947032,0.0700368044728411,0.1887102787184885
59.31448539284438,18.098017986801743,1.8588699999999998,1.4270306607958485,5.708122643183394,1.7124367929550184,4.61406580323991
59.3188927762349,18.064983803619306,1.1674,0.5840346149958531,2.3361384599834123,0.7008415379950237,1.8883785884865916
59.316007150966875,18.029718042774604,3.3481199999999998,2.4689152889411425,9.87566115576457,2.962698346729371,7.982826100909694
59.30798766000432,18.086176472767193,1.47949,1.135395599104012,4.541582396416048,1.3624747189248145,3.6711124371029724
59.30905140606491,18.059419491853085,1.97676,1.0710154053045327,4.284061621218131,1.2852184863654392,3.4629498104846554
59.31777276205915,18.086577352174817,2.08423,0.804392834014655,3.21757133605862,0.965271400817586,2.600870163314051
59.31283379052308,18.03943120423581,2.78219,1.9413713260629588,7.765485304251836,2.3296455912755505,6.2771006209369
59.3186228581118,18.067746010505324,0.97865,0.447573691567621,1.790294766270484,0.5370884298811452,1.4471549360686413
59.32022492810519,18.038329022070805,3.15238,2.042282769457346,8.169131077829384,2.450739323348815,6.603380954578752
59.31798512181096,18.088704734352564,2.1484,0.9272553696728651,3.7090214786914606,1.112706443607438,2.998125695275597
59.316563090992254,18.02632502709414,3.53304,2.6637026595454976,10.65481063818199,3.196443191454597,8.612638599197108
59.309877713829884,18.083143040517907,1.1442,0.8631891163071848,3.452756465228739,1.0358269395686217,2.790978142726564
59.31817437137593,18.016781134588562,4.4638599999999995,3.217412012982881,12.869648051931524,3.860894415579457,10.402965508644648
59.30797873575345,18.0946192065341,1.9132,1.4967026247754727,5.986810499101891,1.7960431497305671,4.839338486774028
59.317085933975086,18.098119612415832,3.10229,1.4354375081610078,5.741750032644031,1.7225250097932092,4.641247943053925
59.313373267659905,18.03895236122606,2.70501,1.959534395083091,7.838137580332364,2.3514412740997095,6.335827877435328
59.31878069023319,18.03609831338634,3.13719,2.1335996499879566,8.534398599951826,2.560319579985548,6.898638868294393
59.31930262600379,18.056711206417837,1.75004,1.015673468456088,4.062693873824352,1.2188081621473055,3.284010881341351
59.31439001393219,18.063706835540504,1.09257,0.5516597913085083,2.206639165234033,0.66199174957021,1.7836999918975103
59.312448753651346,18.09944696106134,1.95619,1.5445356808633972,6.178142723453589,1.8534428170360768,4.9939987014583185
59.31868902630571,18.05143578490815,2.03507,1.277003040702234,5.108012162808936,1.5324036488426807,4.128976498270556
59.31650109910267,18.030878528575254,3.76581,2.404319010919346,9.617276043677384,2.885182813103215,7.773964801972552
59.31629939823885,18.094382248794435,3.0447100000000002,1.2159247586600561,4.8636990346402245,1.4591097103920674,3.9314900530008483
59.31945885466436,18.067771227763547,1.2902799999999999,0.5191180245842743,2.076472098337097,0.6229416295011291,1.6784816128224866
59.30927927958277,18.058154216173982,1.96857,1.1079347041975218,4.431738816790087,1.3295216450370262,3.582322210238654
59.31417071672699,18.055575175100977,1.50215,1.009962707797747,4.039850831190988,1.2119552493572967,3.265546088546049
59.31136929042059,18.086197324102603,1.25452,0.8878702508564791,3.5514810034259163,1.065444301027775,2.8707804777692827
59.31394677808941,18.079390728835172,0.5718099999999999,0.40789772518597267,1.6315909007438907,0.4894772702231672,1.318869311434645
59.31179694906195,18.081186488179362,0.9092100000000001,0.6321371215994547,2.5285484863978187,0.7585645459193456,2.0439100265049035
59.312081690939245,18.070908486797553,1.22752,0.41775937106837885,1.6710374842735154,0.5013112452820546,1.3507552997877583
59.308783077370904,18.06270473377371,1.7471400000000001,0.9675578419972383,3.8702313679889526,1.1610694103966859,3.128437022457737
59.31142485436411,18.078573792312255,1.0279800000000001,0.5670710091118385,2.268284036447354,0.6804852109342062,1.8335295961282778
59.315759220853444,18.105140898895844,2.31907,1.826600079822758,7.306400319291032,2.1919200957873093,5.90600692476025
59.320926725941874,18.051360296087147,2.45239,1.3679541070843628,5.471816428337451,1.6415449285012353,4.423051612906106
59.31451091965779,18.091406901152848,1.31817,1.0523554658140188,4.209421863256075,1.2628265589768226,3.4026160061319946
59.31795351576237,18.060715327244935,1.34125,0.7481152819850735,2.992461127940294,0.8977383383820882,2.418906078418404
59.30713602881439,18.082825965722122,1.48026,1.1008522021251936,4.4034088085007745,1.3210226425502323,3.5594221202047924
59.31439409199405,18.032605049060958,2.98468,2.3086181809465627,9.23447272378625,2.770341817135875,7.464532118393886
59.31793797402207,18.067109295821343,0.9378,0.423278666898989,1.693114667595956,0.5079344002787868,1.3686010229733978
59.318547651383895,18.039040310505744,2.86273,1.9640810255999699,7.85632410239988,2.356897230719964,6.350528649439903
59.316052231864035,18.095846037565707,1.61094,1.2979526880142078,5.191810752056831,1.5575432256170494,4.196713691245939
59.308677383570576,18.091598188868453,1.6783299999999999,1.311504538661378,5.246018154645512,1.5738054463936535,4.2405313416717885
59.31818960152953,18.080345915224225,1.1608699999999998,0.5008782540481109,2.0035130161924437,0.6010539048577331,1.6195063547555586
59.30790655608624,18.080915657454632,1.68679,0.9731365998056126,3.89254639922245,1.167763919766735,3.1464750060381474
59.317400891818366,18.07025579600245,0.67291,0.2509692032072261,1.0038768128289044,0.3011630438486713,0.8114670903700311
59.31288244665647,18.10145258330349,1.9713,1.6460621019597428,6.584248407838971,1.9752745223516914,5.322267463003168
59.315261819898716,18.032233855415292,3.11161,2.325812524729253,9.303250098917012,2.7909750296751032,7.520127163291251
59.32073047299609,18.06260601039426,1.6161800000000002,0.820464833077568,3.281859332310272,0.9845577996930815,2.6528362936174696
59.31124141234772,18.0654845308764,1.66061,0.655282544790266,2.621130179161064,0.7863390537483192,2.11874689482186
59.31176217255794,18.062793202463318,1.48845,0.7289984684584238,2.915993873833695,0.8747981621501085,2.3570950480155703
59.32079413495424,18.07602867513675,1.73689,0.5956808583895864,2.3827234335583456,0.7148170300675036,1.9260347754596627
59.30635885425915,18.06633757855805,1.81581,1.105366862567392,4.421467450269568,1.3264402350808704,3.574019522301234
59.314445508868374,18.078897964697646,0.6748,0.35883254933540454,1.4353301973416182,0.4305990592024854,1.1602252428511413
59.3064478839975,18.083482043073136,1.59948,1.1859101888289956,4.743640755315982,1.4230922265947947,3.8344429438804193
59.31647780710394,18.054282320791177,1.6992,1.0735448795614733,4.294179518245893,1.288253855473768,3.4711284439154304
59.31671430403881,18.058277895561286,1.42648,0.8502468719814588,3.400987487925835,1.0202962463777505,2.74913155274005
59.315325142159956,18.088403071269585,1.06036,0.8742094601214294,3.4968378404857177,1.0490513521457152,2.826610587725955
59.308135653300035,18.094745182499445,1.93381,1.4926971226088708,5.970788490435483,1.7912365471306448,4.8263873631020155
59.31993908554641,18.040165738469376,3.0714,1.9330723324226995,7.732289329690799,2.3196867989072394,6.250267208166728
59.31760564248462,18.037096899352658,3.078,2.0597305888561768,8.238922355424707,2.471676706627412,6.659795570634971
59.31056239317798,18.06220316614529,1.71604,0.8402450839779193,3.360980335911677,1.0082941007735031,2.7167924381952724
59.32042014607658,18.050169460398486,2.3581999999999996,1.407335673249622,5.629342692998488,1.6888028078995465,4.550385343507111
59.30906408697473,18.080637350379586,1.3369300000000002,0.8525098636741577,3.410039454696631,1.0230118364089893,2.7564485592131103
59.31789958613456,18.07762049919415,0.94274,0.35940771127618065,1.4376308451047226,0.4312892535314168,1.1620849331263174
59.31304790358891,18.060058191267196,1.68725,0.7961755218688461,3.1847020874753844,0.9554106262426153,2.5743008540426024
59.31873648113664,18.053767223855587,2.10334,1.1510306660358012,4.604122664143205,1.3812367992429613,3.7216658201824235
59.31454314455395,18.039855439041222,2.63953,1.8954880418074245,7.581952167229698,2.2745856501689095,6.128744668510673
59.31376354623358,18.091746880657315,1.4505599999999998,1.0847354121746948,4.338941648698779,1.3016824946096337,3.507311166031513
59.319356503367956,18.0738279259911,1.3408900000000001,0.4134287533836981,1.6537150135347924,0.4961145040604377,1.3367529692739573
59.3183982977899,18.022551622492134,4.15043,2.892696399926303,11.570785599705212,3.4712356799115636,9.353051693095047
59.315399386356546,18.081179248901428,0.65189,0.46295022759732174,1.851800910389287,0.555540273116786,1.4968724025646734
59.312906948617986,18.05843169694822,1.59589,0.8883308963629594,3.5533235854518375,1.0659970756355512,2.8722698982402353
59.31112493349778,18.06512210376776,1.64724,0.6786807972943113,2.714723189177245,0.8144169567531736,2.19440124458494
59.31397505858548,18.07423492754226,0.22053,0.19975130123545176,0.799005204941807,0.23970156148254212,0.6458625406612941
59.316701627627474,18.08716452752312,1.5092999999999999,0.8110866416728697,3.244346566691479,0.9733039700074435,2.6225134747422785
59.31125934953979,18.062515427141424,1.63816,0.7759262280179744,3.1037049120718976,0.9311114736215693,2.508828137258117
59.319047413932076,18.048034386495196,2.30063,1.4744165927794155,5.897666371117662,1.7692999113352987,4.767280316653444
59.317608027636275,18.034369246606538,3.1341,2.214290054311768,8.857160217247072,2.6571480651741215,7.159537842274716
59.31990771918399,18.06255960075943,1.4864000000000002,0.7624312656131856,3.0497250624527426,0.9149175187358228,2.4651944254826335
59.31537991336257,18.066840138686317,0.8737,0.35602095681904977,1.424083827276199,0.4272251481828597,1.151134427048261
59.3151954400736,18.085823225616846,0.96984,0.7283551925119593,2.9134207700478374,0.8740262310143513,2.3550151224553355
59.31454506354952,18.03445634518427,4.13005,2.2023738954697953,8.809495581879181,2.6428486745637545,7.121008928685672
59.31160553373063,18.080276291940038,1.0294400000000001,0.6108830482459534,2.4435321929838136,0.733059657895144,1.975188522661916
59.31951265074384,18.042106240061518,2.69074,1.8143836233965185,7.257534493586074,2.177260348075822,5.866507048982076
59.313967509829226,18.059701479382127,1.4001,0.7843057417619844,3.1372229670479377,0.9411668901143813,2.5359218983637497
59.314400948972335,18.09107925752317,1.3002,1.0354363404402422,4.141745361760969,1.2425236085282907,3.3479108340901167
59.31625122658444,18.03461608079167,3.1946,2.190651805598881,8.762607222395523,2.628782166718657,7.083107504769714
59.31389649691702,18.07046769933951,1.2738399999999999,0.24648606809387505,0.9859442723755003,0.29578328171265006,0.796971620170196
59.316550948622,18.037585501168696,2.8424,2.0229744536580183,8.091897814632073,2.4275693443896222,6.54095073349426
59.31750605145268,18.02740815270587,3.80342,2.6081784669400947,10.432713867760379,3.129814160328114,8.43311037643964
59.30843026014556,18.081495432623825,1.50121,0.9381636849723651,3.752654739889461,1.1257964219668382,3.0333959147439806
59.30941480552438,18.09276653983882,1.7748,1.3205110649183387,5.282044259673355,1.5846132779020063,4.2696524432359615
59.31650821915157,18.052812734076177,1.90983,1.1572275895511128,4.628910358204451,1.3886731074613354,3.7417025395485983
59.312066837092324,18.069512752802062,1.24325,0.44911687943505674,1.796467517740227,0.5389402553220681,1.452144576840017
59.32037710205829,18.078565427494063,1.92391,0.6111529010865918,2.4446116043463673,0.7333834813039102,1.9760610468466469
59.310393155464645,18.093230096712393,1.76574,1.2898602308343445,5.159440923337378,1.5478322770012134,4.1705480796977135
59.31249606606957,18.097733895720356,1.8215899999999998,1.448519322851506,5.794077291406024,1.7382231874218075,4.683545810553204
59.315963425168015,18.087304282959536,0.9967,0.8114811798070486,3.2459247192281944,0.9737774157684583,2.6237891480427904
59.3155213117303,18.039920039593156,3.02635,1.8877204136090828,7.55088165443633,2.265264496330899,6.103629337336034
59.31801645839503,18.048525690250433,2.34261,1.4218447287492924,5.687378914997169,1.706213674499151,4.597297956289379
59.319823888386736,18.063128600592695,1.45628,0.7313273845167247,2.925309538066899,0.8775928614200696,2.36462520993741
59.30817743209804,18.08150394717576,1.51386,0.9627130333533956,3.850852133413583,1.1552556400240748,3.112772141175979
59.307932440704604,18.082026145580148,1.59698,1.00128229888281,4.00512919553124,1.201538758659372,3.237479433054419
59.30764099534877,18.09327274047506,1.8416,1.4572563203779034,5.829025281511614,1.748707584453484,4.711795435888554
59.31617924127284,18.035903893051128,2.9184,2.117117677453333,8.468470709813332,2.5405412129439995,6.84534715709911
59.31498438474658,18.07566032455327,0.40073000000000003,0.1660672944242687,0.6642691776970748,0.19928075330912245,0.5369509186384689
59.31095846955551,18.07078505847261,1.06345,0.540256057098644,2.161024228394576,0.6483072685183728,1.7468279179522823
59.30976502361268,18.08638604495763,1.52102,1.003767179430315,4.01506871772126,1.2045206153163779,3.2455138801580183
59.30540848701148,18.084300030077678,1.9066500000000002,1.3095995551102808,5.238398220441123,1.571519466132337,4.234371894856575
59.316529756988395,18.045416403172737,2.6185300000000002,1.5775578327388975,6.31023133095559,1.8930693992866772,5.100770325855769
59.31201915933416,18.058288623573937,1.63464,0.9345433109357519,3.7381732437430077,1.1214519731229025,3.021690038692265
59.31050294387954,18.085632976164344,1.30534,0.9181449059097295,3.672579623638918,1.1017738870916756,2.968668529108126
59.31350534917244,18.07705804801509,0.4741,0.331046766308428,1.324187065233712,0.3972561195701136,1.0703845443972506
59.31448838740692,18.063542637928165,1.09714,0.5580225054589552,2.2320900218358206,0.6696270065507463,1.8042727676506218
59.31390976924971,18.104706751833575,2.1088400000000003,1.8124828403641444,7.249931361456578,2.1749794084369736,5.860361183844067
59.30464395307294,18.078634417342347,2.76945,1.268127783934507,5.072511135738028,1.5217533407214083,4.100279834721572
59.31728045368794,18.072935418652012,0.81896,0.1800319926374951,0.7201279705499803,0.2160383911649941,0.5821034428612342
59.31143502893693,18.091307517158402,1.56345,1.1407618499890515,4.563047399956206,1.3689142199868618,3.6884633149646
59.31559013977635,18.098692891854704,1.86577,1.4593954622828291,5.8375818491313165,1.751274554739395,4.718711994714481
59.30639118302951,18.064684731250896,1.87731,1.1381581529350269,4.5526326117401075,1.3657897835220323,3.6800446944899203
59.31133900990201,18.091966253900015,1.60118,1.1793612866895247,4.717445146758099,1.4152335440274295,3.8132681602961296
59.31581823935177,18.08155725275681,0.72097,0.48382019283480926,1.935280771339237,0.5805842314017711,1.56435195683255
59.31685917581081,18.07422618421463,0.59192,0.14844045117744775,0.593761804709791,0.1781285414129373,0.47995745880708107
59.31611440878289,18.02943193016695,3.36621,2.4854145753596275,9.94165830143851,2.982497490431553,8.036173793662796
59.31703169213742,18.06547211815811,0.97565,0.4584777789430296,1.8339111157721184,0.5501733347316355,1.482411485249129
59.30826023574075,18.09254885847299,1.75753,1.3826782945419405,5.530713178167762,1.6592139534503287,4.470659819018941
59.31160208036568,18.078749665768985,1.01234,0.5564955421883688,2.2259821687534753,0.6677946506260426,1.7993355864090592
59.31198837081576,18.06001291843352,1.6063,0.8488317149350519,3.3953268597402078,1.0185980579220624,2.7445558782900012
59.317968381940645,18.09178490015254,2.29749,1.0963646254498913,4.385458501799565,1.3156375505398696,3.5449122889546487
59.313840900799626,18.07212620924077,0.31532,0.21022889220237934,0.8409155688095173,0.2522746706428552,0.6797400847876932
59.31672343959845,18.09927346267666,3.16587,1.4970527908822806,5.988211163529122,1.7964633490587367,4.840470690519374
59.318901640251255,18.07039859128729,0.88802,0.3911894855282265,1.564757942112906,0.4694273826338718,1.2648460032079325
59.30909869615181,18.06971842324194,1.57547,0.7560212391315512,3.0240849565262047,0.9072254869578613,2.4444686731920156
59.31163488715187,18.071331435147897,1.03905,0.4597889358435938,1.8391557433743753,0.5517467230123125,1.4866508925609532
59.316177512318234,18.08032284225442,0.69968,0.41713620310309385,1.6685448124123754,0.5005634437237126,1.3487403900333368
59.306987358622095,18.080037648233393,1.50363,1.045131070679454,4.180524282717816,1.254157284815345,3.3792571285302353
59.319306067150215,18.078795610959908,1.957,0.520465828666372,2.081863314665488,0.6245589943996465,1.6828395126879363
59.31870395544948,18.06408281217057,1.3375599999999999,0.6134178852082945,2.453671540833178,0.7361014622499534,1.9833844955068192
59.319335163009306,18.057272147570224,1.77537,0.9879579836115863,3.9518319344463455,1.1855495803339036,3.1943974803441293
59.31620121398144,18.102218733986547,2.13642,1.6612186212354367,6.644874484941747,1.9934623454825242,5.371273541994579
59.308000475764025,18.08925099648177,1.5903800000000001,1.256519241564765,5.02607696625906,1.507823089877718,4.062745547726074
59.3149760016189,18.082383278004684,0.69313,0.5361046060606746,2.1444184242426982,0.6433255272728094,1.7334048929295145
59.30882258504796,18.061554860529814,1.69245,1.005497704324838,4.021990817299352,1.2065972451898057,3.251109243983643
59.3118825439652,18.060454901525556,1.56799,0.8327796822406432,3.331118728962573,0.999335618688772,2.692654305911413
59.315999717301544,18.054823227992596,1.63109,1.0395964926854018,4.158385970741607,1.2475157912224821,3.3613619930161325
59.31746339848144,18.092038790364565,2.34771,1.0988033689975678,4.395213475990271,1.3185640427970815,3.552797559758803
59.31572564095345,18.069726746809987,0.88593,0.19032156838944791,0.7612862735577917,0.2283858820673375,0.6153730711258816
59.32025275372856,18.07031288844884,1.03025,0.534513257521839,2.138053030087356,0.6414159090262068,1.7282595326539463
59.31833865170002,18.041276838815566,2.69909,1.834633778593706,7.338535114374824,2.201560534312447,5.931982550786316
59.30556889505579,18.083044966900257,1.8642999999999998,1.2602250258055678,5.040900103222271,1.5122700309666814,4.074727583438003
59.311808937338,18.099287040345672,2.09282,1.553871457177227,6.215485828708908,1.8646457486126724,5.0241843782063675
59.31429868581832,18.034751100449917,2.87342,2.187362321646892,8.749449286587568,2.6248347859762706,7.072471506658284
59.317066256527745,18.056916360596862,1.59182,0.9328552289290064,3.7314209157160256,1.1194262747148078,3.0162319068704546
59.31108188764956,18.079329473123142,1.31793,0.6228804105957567,2.491521642383027,0.7474564927149081,2.0139799942596133
59.31766971772432,18.03357729294235,3.28854,2.2598442111570014,9.039376844628006,2.7118130533884015,7.306829616074304
59.30911350243066,18.061284694890315,1.6935,0.9915007713995782,3.966003085598312,1.1898009256794937,3.2058524941919693
59.3087104937119,18.054357472585696,2.20375,1.3174917477284493,5.269966990913797,1.580990097274139,4.259889984321986
59.31752755879275,18.096236687630377,3.02433,1.3356580606316537,5.342632242526615,1.6027896727579845,4.31862772937568
59.3194717102443,18.05410479421325,2.01155,1.1600460381298963,4.640184152519585,1.3920552457558755,3.7508155232866645
59.320348895419315,18.060811998425734,2.0648,0.8712925582230783,3.485170232892313,1.045551069867694,2.8171792715879533
59.31887275446617,18.060282825312605,1.47566,0.8109246908592805,3.243698763437122,0.9731096290311367,2.6219898337783407
59.31694630141105,18.076290198678038,0.66307,0.23248083913528805,0.9299233565411522,0.2789770069623457,0.7516880465374314
59.3160337848394,18.074144128765926,0.64578,0.07379361719114337,0.2951744687645735,0.08855234062937203,0.23859936225136355
59.31788592274029,18.05155740934471,2.00584,1.2495993064177011,4.9983972256708045,1.4995191677012414,4.0403710907505666
59.313098601451266,18.057771184207187,1.55606,0.9168314767857573,3.667325907143029,1.1001977721429088,2.9644217749406154
59.312800409991276,18.05611413881578,1.93312,1.0168606132191618,4.067442452876647,1.220232735862994,3.2878493160752895
59.31839041087997,18.03593579103934,3.0396900000000002,2.136133875932218,8.544535503728872,2.5633606511186615,6.906832865514171
59.309599280883624,18.06177339997348,1.616,0.9329605711845803,3.7318422847383212,1.1195526854214963,3.0165725134968095
59.320357060014175,18.050419306928248,2.3588899999999997,1.391511020868494,5.566044083473976,1.6698132250421929,4.499218967474798
59.313842400054476,18.09844737168899,1.7301099999999998,1.4596289141491021,5.8385156565964085,1.7515546969789224,4.71946682241543
59.32013216888469,18.064903879549675,1.38565,0.6809047394330392,2.723618957732157,0.817085687319647,2.2015919908334936
59.30814549056497,18.06451920868816,1.86885,0.9689375173453901,3.875750069381561,1.1627250208144682,3.1328979727500945
59.31377625592881,18.08578715213934,1.0604500000000001,0.7543902112322918,3.017560844929167,0.9052682534787501,2.4391950163177434
59.31482669443483,18.10385878220168,2.15384,1.756069589965312,7.024278359861248,2.1072835079583743,5.677958340887842
59.315061470449905,18.074300058612547,0.39008,0.09728989404941016,0.38915957619764063,0.1167478728592922,0.3145706574264262
59.309516131501766,18.092111215975027,1.71153,1.2828852403599647,5.131540961439859,1.5394622884319575,4.147995610497219
59.30935021037023,18.069932460926008,1.61077,0.7258488114007202,2.903395245602881,0.8710185736808643,2.346911156862329
59.31136030322172,18.067979280059372,1.27124,0.5603522434983086,2.2414089739932344,0.6724226921979702,1.8118055873111976
59.31932948030774,18.05830138966627,1.83223,0.9346376927783339,3.7385507711133354,1.1215652313340005,3.021995206649946
59.308301509033704,18.087476050187288,1.55335,1.160404690969048,4.641618763876192,1.3924856291628576,3.7519751674665884
59.31420097717703,18.03575034618353,2.79039,2.1314062905128774,8.52562516205151,2.557687548615453,6.8915470059916375
59.3066167062786,18.06323960088666,2.06675,1.1530319030101306,4.612127612040522,1.3836382836121568,3.728136486399422
59.312315085669745,18.075483072004932,0.68701,0.39782787199195563,1.5913114879678225,0.47739344639034675,1.2863101194406565
59.3095275624728,18.067615696436953,1.4586700000000001,0.7509749148849089,3.0038996595396354,0.9011698978618907,2.428152224794539
59.31324053429929,18.036540821298516,2.74868,2.0976345019909823,8.39053800796393,2.517161402389179,6.78235155643751
59.31068674356751,18.056917373397376,1.85961,1.0740508218545088,4.296203287418035,1.2888609862254106,3.472764323996245
59.31735003136041,18.064055634058544,1.12259,0.5463788452876868,2.185515381150747,0.6556546143452241,1.7666249330968538
59.31617856139004,18.0402377095968,2.6192399999999996,1.8704155033447447,7.481662013378979,2.2444986040136934,6.047676794148007
59.304663993046226,18.077996866232688,1.63512,1.2573614558511472,5.029445823404589,1.5088337470213766,4.065468707252043
59.31948011279553,18.031198912036213,3.7501599999999997,2.4217379913262627,9.68695196530505,2.906085589591515,7.830286171954916
59.312075881630996,18.07840430660596,0.9603700000000001,0.5023332513866556,2.0093330055466225,0.6027999016639868,1.6242108461501865
59.319967258171246,18.07622743913178,1.78683,0.5118760095179985,2.047504038071994,0.6142512114215982,1.6550657641081952
59.30438368048703,18.072728314322053,1.86728,1.256978002223316,5.027912008893264,1.508373602667979,4.064228873855388
59.31901831068496,18.045799880876437,2.45671,1.5970083677327274,6.3880334709309095,1.9164100412792728,5.1636603890024855
59.313399405794875,18.096152474299576,1.6942000000000002,1.3387629572566753,5.355051829026701,1.6065155487080103,4.328666895129917
59.30779907599394,18.064942619765322,1.89956,0.9910061293703569,3.9640245174814273,1.1892073552444284,3.2042531516308213
59.316195502670254,18.057936711868468,1.41998,0.8636397699502383,3.454559079800953,1.036367723940286,2.7924352561724373
59.31415634670666,18.070441097783895,1.30236,0.22501770633411655,0.9000708253364662,0.2700212476009399,0.7275572504803103
59.31183554690318,18.086539569146147,1.29022,0.8779602286246697,3.511840914498679,1.0535522743496037,2.838738072553099
59.30621007128098,18.082697115099723,1.59152,1.1876250861863789,4.750500344745515,1.4251501034236547,3.8399877786692915
59.31055905636063,18.056015522767826,2.01139,1.1254731711275312,4.501892684510125,1.3505678053530374,3.6390299199790177
59.30996633671765,18.097620724592687,2.14278,1.5358141630539086,6.143256652215634,1.8429769956646904,4.965799127207638
59.318421918257926,18.041529648700227,2.6895700000000002,1.8219676600083436,7.287870640033375,2.186361192010012,5.891028767360311
59.31479292525373,18.085482122411754,0.9288200000000001,0.7137017272030121,2.8548069088120482,0.8564420726436145,2.3076355846230725
59.31541542729168,18.084338518118837,0.8150299999999999,0.642519418569909,2.570077674279636,0.7710233022838908,2.0774794533760392
59.31542885505611,18.08104866269955,0.65703,0.45532680114671825,1.821307204586873,0.5463921613760618,1.4722233237077222
59.319806390661945,18.06137150975753,1.55473,0.810122855039404,3.240491420157616,0.9721474260472848,2.619397231294073
59.31040994867747,18.07912493775499,1.35808,0.6796026683947264,2.7184106735789055,0.8155232020736716,2.1973819611429484
59.316091915114946,18.067558152796796,0.73276,0.31727246744101884,1.2690898697640753,0.3807269609292226,1.0258476447259608
59.31454177477873,18.06606762963515,1.0433299999999999,0.4177967894668243,1.6711871578672972,0.5013561473601892,1.350876285942732
59.31884562966017,18.0752006182766,1.35953,0.3745013371239798,1.4980053484959193,0.44940160454877576,1.210887656700868
59.30984379568635,18.054315569175497,2.14093,1.2494537006415256,4.997814802566102,1.4993444407698306,4.039900298740933
59.31702946668567,18.09350030643313,2.4442399999999997,1.1735117254790726,4.69404690191629,1.4082140705748871,3.7943545790490014
59.319095286352365,18.085975363128224,2.15465,0.8284442508465055,3.313777003386022,0.9941331010158068,2.678636411070368
59.31352439828007,18.05818014949505,1.45265,0.8807133939764529,3.5228535759058115,1.0568560727717433,2.8476399738571976
59.31838803387848,18.049165111463708,2.17553,1.3944768795920808,5.577907518368323,1.673372255510497,4.508808577347728
59.31014197881222,18.08952972453172,1.7273900000000002,1.1215113113806268,4.486045245522507,1.345813573656752,3.6262199067973597
59.3166713944375,18.059671882669015,1.40505,0.7709839828607236,3.0839359314428942,0.9251807794328682,2.492848211249673
59.31205413947188,18.102573259680785,2.71084,1.7279326993807207,6.911730797522883,2.073519239256865,5.58698239466433
59.31925978868557,18.08047245464353,2.07504,0.5815078493639172,2.326031397455669,0.6978094192367006,1.8802087129433322
59.31507714313215,18.031983162198824,3.11859,2.340578869092312,9.362315476369249,2.8086946429107744,7.567871676731809
59.313420842248675,18.103558075376352,2.08045,1.7544070050949283,7.017628020379713,2.105288406113914,5.672582649806935
59.31058799517488,18.074694888262044,0.95408,0.5732170298427867,2.2928681193711467,0.687860435811344,1.8534017298250103
59.30941979371944,18.088875808654347,1.57602,1.137909663927231,4.551638655708924,1.3654915967126773,3.679241246698047
59.31388285870364,18.05530989780969,1.61667,1.0305676440652725,4.12227057626109,1.236681172878327,3.3321687158110476
59.30374418021528,18.076248959718068,1.91122,1.340382728272808,5.361530913091232,1.6084592739273698,4.333904154748746
59.31520345549323,18.09702459038578,1.72869,1.365343457566662,5.461373830266648,1.6384121490799946,4.414610512798874
59.31928018635104,18.08070805361322,2.08286,0.5928506457477852,2.371402582991141,0.7114207748973423,1.9168837545845057
59.31566238382602,18.08080315043503,0.675,0.4405783353551787,1.7623133414207148,0.5286940024262144,1.424536617648411
59.318735013724236,18.079280326017606,1.24735,0.4920456429955769,1.9681825719823074,0.5904547715946923,1.590947579019032
59.31698176911697,18.035623138951987,3.2040100000000002,2.137341814206116,8.549367256824464,2.564810177047339,6.910738532599774
59.31618960998429,18.099590199546416,2.81509,1.5115849665510683,6.046339866204273,1.813901959861282,4.887458058515121
59.31258102297363,18.069395968261496,1.23837,0.4022347169295461,1.6089388677181844,0.48268166031545534,1.300558918072199
59.31353576409603,18.064007052679447,1.2659,0.5678962307587478,2.2715849230349914,0.6814754769104974,1.8361978127866179
59.317593591943016,18.088907942825596,2.1863,0.9273184551715934,3.7092738206863736,1.112782146205912,2.998329671721485
59.31419651311299,18.09715820378266,1.73269,1.3817297191168085,5.526918876467234,1.6580756629401703,4.467592758477681
59.30791091334549,18.09435013886954,1.95573,1.4885331646518243,5.954132658607297,1.7862397975821893,4.812923899040899
59.313808390889086,18.063469790443392,1.96354,0.5843991896171735,2.337596758468694,0.7012790275406082,1.8895573797621945
59.3103484050065,18.074662119283115,0.98397,0.5992857299198265,2.397142919679306,0.7191428759037918,1.9376905267407722
59.31128921608193,18.100826432829923,2.5175300000000003,1.6544425921684722,6.617770368673889,1.9853311106021667,5.349364381344727
59.31245990007688,18.069797893031865,1.2195,0.402743308807755,1.61097323523102,0.483291970569306,1.3022033651450746
59.31804269516682,18.034204234280548,3.14034,2.2288608931032146,8.915443572412858,2.6746330717238576,7.206650221033727
59.30995710495382,18.063370378975446,1.50315,0.842255705092348,3.369022820369392,1.0107068461108175,2.7232934464652585
59.31341214283182,18.08912625036369,1.27448,0.9484267502072748,3.7937070008291,1.1381121002487298,3.0665798256701886
59.312818493492244,18.06943790100936,1.28945,0.378573446936443,1.514293787745772,0.4542881363237316,1.224054145094499
59.31710171513995,18.022167809404916,4.1511700000000005,2.9029577214346873,11.61183088573875,3.483549265721625,9.386229965972156
59.31710256643816,18.081544574573257,0.87063,0.5086316909777108,2.034526763910843,0.6103580291732529,1.6445758008279314
59.31809493561549,18.024110059121785,3.9598400000000002,2.8010035059128446,11.204014023651379,3.3612042070954136,9.05657800245153
59.31273653701381,18.063899251080215,1.3456,0.6156827780437225,2.46273111217489,0.7388193336524671,1.9907076490080362
59.31327806797957,18.091936266653537,1.48167,1.1070581722358956,4.428232688943583,1.328469806683075,3.579488090229396
59.30617579554773,18.069900553499306,1.88174,1.0724578563007026,4.28983142520281,1.286949427560843,3.4676137353722716
59.316040304005526,18.060113974439357,1.2240499999999999,0.7388114397703524,2.9552457590814094,0.8865737277244228,2.3888236552574726
59.31916360824334,18.045561806466974,2.47443,1.6140206921497688,6.456082768599075,1.9368248305797224,5.218666904617585
59.32058835500935,18.05569629069689,1.9434200000000001,1.1309849222359298,4.523939688943719,1.3571819066831157,3.6568512485628397
59.319338138957605,18.05384783954483,2.0388,1.1683873404719871,4.6735493618879485,1.4020648085663845,3.7777857341927583
59.31663345644492,18.093178931276935,2.95764,1.1504042371642036,4.601616948656814,1.3804850845970442,3.719640366830925
59.309612707042746,18.081035899473857,1.46298,0.8128350271629581,3.2513401086518323,0.9754020325955497,2.6281665878268976
59.31742342204383,18.08415585276892,1.61942,0.6611520869004798,2.644608347601919,0.7933825042805758,2.137725080978218
59.31280411564636,18.098453876074704,1.8814300000000002,1.4805467643004218,5.922187057201687,1.776656117160506,4.787101204571363
59.3098237388279,18.058309748150048,1.97772,1.0629742701632983,4.251897080653193,1.275569124195958,3.4369501401946643
59.31341575079334,18.101968966231773,2.0063,1.6649664572144036,6.6598658288576145,1.9979597486572842,5.383391544993238
59.312831307143675,18.056152555711357,1.94455,1.0137057386816208,4.054822954726483,1.2164468864179452,3.2776485550705745
59.31410876619178,18.068376559518537,1.13169,0.31847874516865593,1.2739149806746237,0.38217449420238714,1.0297479427119876
59.3186106373733,18.0466241096306,2.3424899999999997,1.5411190075114738,6.164476030045895,1.8493428090137685,4.982951457620432
59.305745020701785,18.069111802494945,1.8982999999999999,1.1278988796649332,4.511595518659733,1.35347865559792,3.6468730442499506
59.317448038604994,18.031641546464876,3.67681,2.367373113847773,9.469492455391093,2.840847736617328,7.654506401441134
59.31617148335935,18.086020579744027,1.01941,0.7398447473032397,2.9593789892129587,0.8878136967638877,2.3921646829471417
59.316671632596936,18.094993856680308,2.53766,1.2537146789734632,5.014858715893853,1.5044576147681559,4.053677462014198
59.31543330219896,18.048390757907914,2.33379,1.4054977359759668,5.621990943903867,1.6865972831711602,4.544442679655626
59.31598541635704,18.079187769413565,0.64378,0.3503972697785875,1.40158907911435,0.420476723734305,1.1329511722840997
59.31720110646786,18.067602442813275,1.01286,0.35508124861936835,1.4203249944774734,0.426097498343242,1.1480960372026243
59.31492960101025,18.071232203817416,0.42872000000000005,0.13281612265084505,0.5312644906033802,0.15937934718101404,0.42943879657106565
59.315012786575615,18.052503393674947,1.6752,1.1733148263756608,4.693259305502643,1.407977791650793,3.7937179386146367
59.30867148882435,18.084192729650947,1.3528699999999998,1.0043124537448904,4.017249814979562,1.2051749444938684,3.2472769337751455
59.316010496586614,18.072464297572385,0.40738,0.05149413671040022,0.20597654684160088,0.06179296405248027,0.16649770869696073
59.31444457705649,18.078056769788624,0.44231,0.3150656711552898,1.260262684621159,0.37807880538634775,1.018712336735437
59.30782714662216,18.093713765897913,1.84504,1.4647141079492758,5.858856431797103,1.757656929539131,4.735908949035992
59.318624474204796,18.08937036430289,2.1903,0.9851969312250226,3.9407877249000904,1.1822363174700272,3.1854700776275733
59.318050908221466,18.088436369289834,2.1357399999999997,0.9146892850599935,3.658757140239974,1.097627142071992,2.957495355027312
59.31161579253148,18.092479705936835,1.59352,1.1941170297404582,4.776468118961833,1.4329404356885498,3.8609783961608146
59.31340169322687,18.06153846019841,1.28711,0.7033166611835865,2.813266644734346,0.8439799934203037,2.2740572044935963
59.319779629229586,18.03373772934771,3.60163,2.2859936881172924,9.14397475246917,2.7431924257407507,7.391379591579245
59.31258923633731,18.092790751968977,1.52521,1.174424121682347,4.697696486729388,1.4093089460188164,3.7973046601062554
59.307995942938696,18.067055493206148,1.60542,0.9204635859395639,3.6818543437582556,1.1045563031274768,2.9761655945379237
59.31107105029492,18.092169965591975,1.6371,1.2023643333276495,4.809457333310598,1.4428371999931795,3.8876446777594005
59.31664272531426,18.070916849824457,0.56339,0.16380928522530114,0.6552371409012046,0.19657114227036135,0.5296500222284737
59.31896582233551,18.084272860279953,2.332,0.7364609915848996,2.9458439663395986,0.8837531899018796,2.3812238727911756
59.312860335760014,18.062246785000536,1.35206,0.6909252391210826,2.7637009564843305,0.8291102869452991,2.2339916064915
59.31725747342811,18.092840676137598,2.40333,1.1399442624265614,4.559777049706246,1.3679331149118736,3.6858197818458818
59.306143989813314,18.066059552377546,1.94276,1.1333279520114803,4.533311808045921,1.3599935424137763,3.6644270448371197
59.31786126883143,18.05848175946015,1.48436,0.8658244058242486,3.4632976232969943,1.0389892869890984,2.799498912165071
59.31357510782617,18.03789455460347,2.64493,2.016551887591986,8.066207550367944,2.4198622651103827,6.520184436547421
59.316535636068295,18.072490256392218,0.4878,0.1023128495034079,0.4092513980136316,0.12277541940408947,0.33081154672768553
59.31935595089972,18.038442749829645,3.00045,2.0140697809741366,8.056279123896546,2.416883737168964,6.512158958483042
59.31104470958714,18.082963194125597,1.18202,0.7633368232173718,3.0533472928694874,0.9160041878608463,2.4681223950695026
59.30781370452716,18.08840189452789,1.6400299999999999,1.2361212401729096,4.944484960691638,1.4833454882074915,3.996792009892408
59.31105715347112,18.07021406460872,1.09178,0.5384946824475516,2.1539787297902064,0.646193618937062,1.741132806580417
59.31643144156194,18.04888282939828,2.20879,1.379855024821538,5.519420099286152,1.6558260297858456,4.461531246922973
59.313756161694656,18.061177552479027,1.2621099999999998,0.7097187085663889,2.8388748342655554,0.8516624502796667,2.294757157697991
59.31624710847326,18.059157174508343,1.36277,0.7947607982803252,3.179043193121301,0.9537129579363903,2.569726581106385
59.32052781375122,18.049186628504437,2.4099899999999996,1.4637335533181584,5.854934213272633,1.75648026398179,4.732738489062045
59.308142200100654,18.069435019228933,1.73241,0.8632754020274082,3.4531016081096326,1.0359304824328899,2.7912571332219533
59.31967311098159,18.041826808719506,2.7031199999999997,1.8341141415053976,7.336456566021591,2.200936969806477,5.9303023908674515
59.312552079085506,18.071163113695942,1.13029,0.36341382603890776,1.453655304155631,0.4360965912466893,1.1750380375258018
59.317329684915435,18.036529430014735,3.07727,2.088926891492763,8.355707565971052,2.5067122697913153,6.754196949159933
59.31912811450138,18.0608989486292,1.46463,0.7930183002928478,3.1720732011713912,0.9516219603514173,2.564092504280208
59.31206631312769,18.086139349390027,1.2360799999999998,0.8456206146647085,3.382482458658834,1.0147447375976502,2.7341733207492243
59.30981012294288,18.053477728319468,2.0748800000000003,1.2923667158247463,5.169466863298985,1.5508400589896956,4.17865238116668
59.31677079191194,18.099158686033274,3.1595999999999997,1.4909621474123864,5.963848589649546,1.7891545768948638,4.820777609966717
59.31872707236402,18.068163544546326,0.90946,0.4407523003735212,1.7630092014940848,0.5289027604482254,1.4250991045410517
59.31483449958637,18.034863259520534,2.87369,2.177619570040687,8.710478280162748,2.613143484048824,7.040969943131554
59.31594061885139,18.032899207333113,3.0945300000000002,2.2876683377125593,9.150673350850237,2.745202005255071,7.396794291937274
59.31141772937098,18.06141383873451,1.80041,0.8150983604689798,3.260393441875919,0.9781180325627756,2.635484698849701
59.312929806412015,18.067605188794484,1.42449,0.43547606350595375,1.741904254023815,0.5225712762071445,1.4080392720025838
59.31905123176139,18.023594339633622,4.07656,2.8423614552519036,11.369445821007615,3.4108337463022846,9.190302038647822
59.317355638595785,18.078838944131697,0.81432,0.37880114871220244,1.5152045948488098,0.45456137845464295,1.2247903808361214
59.3185465387224,18.02558568659032,3.8124000000000002,2.7228295772325155,10.891318308930062,3.2673954926790185,8.8038156330518
59.31425959794198,18.09548322605939,1.55101,1.2861856617259966,5.144742646903986,1.5434227940711958,4.158666972914055
59.31109409476422,18.065241189177804,1.66853,0.6767598646020292,2.7070394584081168,0.812111837522435,2.1881902288798942
59.31066609105124,18.073737637881226,1.02131,0.5582761820536541,2.2331047282146166,0.669931418464385,1.8050929886401486
59.313095705930905,18.092768612606896,1.50555,1.1579859728381534,4.631943891352614,1.389583167405784,3.744154645510029
59.318451374841906,18.087475403521182,2.07793,0.8772387360174377,3.508954944069751,1.0526864832209253,2.836405246456382
59.31615081908954,18.033947069158465,3.18785,2.2284379974536175,8.91375198981447,2.6741255969443407,7.205282858433363
59.30799112260262,18.068613167636826,1.73417,0.8917927601666237,3.5671710406664947,1.0701513121999484,2.883463257872083
59.314975596632266,18.097442059919242,1.62101,1.3902783749958547,5.561113499983419,1.6683340499950257,4.495233412486597
59.308472716919006,18.067630776413736,1.54447,0.8590398058136461,3.4361592232545846,1.0308477669763754,2.777562038797456
59.30739806073223,18.087140111960785,1.7399,1.2209754937827308,4.883901975130923,1.465170592539277,3.9478207632308298
59.31565501109119,18.03318901395185,3.10346,2.2709693248128797,9.083877299251519,2.725163189775456,7.342800816894979
59.31135156908495,18.057022816598135,1.7286,1.032416694041092,4.129666776164368,1.2389000328493103,3.3381473107328636
59.31179160357996,18.0677518638094,1.41619,0.5271482210438786,2.1085928841755144,0.6325778652526544,1.704445914708541
59.31308331350801,18.067134823598895,1.18052,0.4437212300823693,1.7748849203294772,0.5324654760988431,1.434698643932994
59.31116664095196,18.092176193445376,1.6466800000000001,1.198190577634427,4.792762310537708,1.4378286931613125,3.8741495343513144
59.31054948931197,18.08067599760322,1.17228,0.7160024427531753,2.864009771012701,0.8592029313038103,2.3150745649019333
59.31689006444877,18.048756470736762,2.13914,1.3911047050104168,5.564418820041667,1.6693256460125,4.497905212867014
59.31728155779175,18.02911780180872,3.75246,2.5092225983701355,10.036890393480542,3.0110671180441626,8.113153068063438
59.31807906159312,18.080975204265616,1.2368299999999999,0.5245002860034725,2.09800114401389,0.629400343204167,1.6958842580778946
59.31744971827415,18.066798950144314,1.06997,0.40852521297243916,1.6341008518897566,0.490230255566927,1.3208981886108866
59.3092585473176,18.093295006847306,1.85675,1.355266245666387,5.421064982665548,1.6263194947996646,4.382027527654651
59.31070987017333,18.091952039790534,1.6633,1.208986494797001,4.835945979188004,1.4507837937564012,3.90905633317697
59.30880481207897,18.068819626376527,1.4368299999999998,0.8016771524218118,3.2067086096872472,0.9620125829061741,2.5920894594971915
59.31315295695971,18.056027129316167,1.6993399999999999,1.0099793493128741,4.039917397251497,1.2119752191754491,3.2655998961116266
59.316119074897806,18.098052453065215,2.72107,1.4237839305789255,5.695135722315702,1.7085407166947106,4.603568042205192
59.32056829311697,18.045611946473358,2.75256,1.6560384555082655,6.624153822033062,1.9872461466099185,5.3545243394767255
59.31963473357118,18.041235068722607,2.73691,1.8657986627665657,7.463194651066263,2.238958395319879,6.032749009611896
59.31248730496099,18.056137175724054,1.98099,1.0271157210536894,4.108462884214758,1.2325388652644274,3.321007498073596
59.30630609566731,18.068486777578073,1.84379,1.074807431317553,4.299229725270212,1.2897689175810636,3.4752106945934216
59.31504215019655,18.040473463779662,2.57009,1.8574478416224534,7.429791366489813,2.228937409946944,6.005748021245933
59.32084720697722,18.055997192600294,1.94075,1.1304751222879557,4.521900489151823,1.3565701467455469,3.6552028953977236
59.31833143150851,18.03351489461608,3.21947,2.2718138184026566,9.087255273610626,2.726176582083188,7.34553134616859
59.307518574316546,18.06140051293136,1.89661,1.124826329871326,4.499305319485304,1.349791595845591,3.6369384665839535
59.3164682680397,18.027119454394672,3.9512199999999997,2.618116007073819,10.472464028295276,3.1417392084885827,8.465241756205348
59.30750215589609,18.094238588973894,1.9640499999999999,1.5103428887836297,6.041371555134519,1.8124114665403555,4.883442007067069
59.31156984285516,18.068200794479473,1.2723900000000001,0.5338499909338871,2.1353999637355483,0.6406199891206645,1.7261149706862349
59.31871565776355,18.039574479988598,2.87322,1.9372677647871415,7.749071059148566,2.3247213177445696,6.263832439478424
59.31136818388636,18.06169602146916,1.5166400000000002,0.8053370057156778,3.221348022862711,0.9664044068588133,2.603922985147358
59.311266245031796,18.082297277585802,1.0239800000000001,0.7187266470942393,2.874906588376957,0.8624719765130872,2.323882825604707
59.31335561241348,18.088283797241623,1.26113,0.9040228987624939,3.6160915950499755,1.0848274785149927,2.923007372665397
59.31592410850204,18.103070787465523,2.12913,1.7089193411017083,6.835677364406833,2.05070320932205,5.52550586956219
59.31627236398376,18.04305485611154,2.48625,1.7104453178036334,6.841781271214534,2.05253438136436,5.530439860898415
59.318417948058,18.040942147616715,2.72279,1.8548805699063138,7.419522279625255,2.2258566838875766,5.997447176030414
59.31704231649236,18.086687991077255,1.79059,0.7907069978152671,3.1628279912610684,0.9488483973783205,2.5566192929360305
59.30915179778675,18.065936792054423,1.50194,0.8315524825727945,3.326209930291178,0.9978629790873532,2.6886863603187017
59.31849038123576,18.080374530376318,2.08102,0.5217233605059258,2.0868934420237033,0.626068032607111,1.6869055323024935
59.30986676322876,18.092478104156218,1.87479,1.2804508939703627,5.121803575881451,1.536541072764435,4.140124557170839
59.3127111709407,18.07632258991256,0.63021,0.37778093312641675,1.511123732505667,0.4533371197517001,1.2214916837754142
59.31429396812917,18.03592838750884,2.77127,2.1205222118995803,8.482088847598321,2.5446266542794964,6.856355151808643
59.31588745981754,18.06547275596151,0.8534700000000001,0.4331658027037669,1.7326632108150677,0.5197989632445204,1.40056942874218
59.30447104790109,18.072474269998562,1.87434,1.247553889403006,4.990215557612024,1.4970646672836072,4.033757575736386
59.312016968924674,18.055361919694327,1.7330999999999999,1.0871605712530257,4.348642285012103,1.3045926855036307,3.515152513718116
59.315025554872754,18.089044946028302,1.20164,0.9127341444142156,3.6509365776568625,1.0952809732970588,2.951173733605964
59.306074852635504,18.0660670367914,1.9456600000000002,1.14039077509106,4.56156310036424,1.368468930109272,3.6872635061277608
59.31168216525858,18.07517595159023,0.8791100000000001,0.45974672127981114,1.8389868851192446,0.5516960655357734,1.486514398804723
59.31544455074684,18.09114999951389,1.2459500000000001,1.0301123754150554,4.120449501660222,1.2361348504980665,3.3306966805086793
59.313485275063705,18.06828444376537,1.20858,0.36493723881079415,1.4597489552431766,0.43792468657295297,1.1799637388215678
59.31940770806155,18.076804474540467,1.8505699999999998,0.46805112156676054,1.8722044862670422,0.5616613458801126,1.513365293065859
59.31865992780356,18.064345074099496,1.20879,0.5982706914162204,2.3930827656648814,0.7179248296994644,1.9344085689124457
59.312993253888386,18.075978425763374,0.56868,0.34078563685801555,1.3631425474320622,0.40894276422961867,1.1018735591742503
59.31282075788009,18.057492557191548,1.59755,0.9418834507606291,3.7675338030425163,1.130260140912755,3.0454231574593678
59.320043036166034,18.041131528978177,3.14636,1.8827814059801184,7.531125623920475,2.259337687176142,6.087659879335717
59.31120941345112,18.06965529668845,1.25656,0.5331045558952515,2.132418223581006,0.6397254670743018,1.7237047307279798
59.31770248196578,18.0388836809976,2.9318299999999997,1.9597867813541596,7.839147125416639,2.3517441376249915,6.336643926378449
59.31885751069333,18.080998504788212,2.1619200000000003,0.5748399152938026,2.2993596611752105,0.6898078983525632,1.8586490594499618
59.30504945142343,18.08029101869262,1.80352,1.2522002496262405,5.008800998504962,1.5026402995514887,4.048780807124844
