latitude,longitude,geodisc_distant,restaurant,moped_delivery_distance,drone_delivery_distance,moped_travel_distance,drone_travel_distance,moped_delivery_time,drone_delivery_time,moped_unavailability_time,drone_unavailability_time,penalized_distance,penalized_drone_unavailability_time,no_fly_status
59.31279303367587,18.083719928521116,0.6859387774606618,Max Medborgaplatsen,1.01187,0.6859387774606618,2.02374,1.3718775549213236,4.04748,0.8231265329527941,8.09496,5.390008175748235,1.3718775549213236,5.390008175748235,clear
59.30990348439873,18.072474104058337,0.6428083144273126,Max Medborgaplatsen,1.1263299999999998,0.6428083144273126,2.2526599999999997,1.2856166288546251,4.505319999999999,0.7713699773127751,9.010639999999999,5.1139732123348,1.2856166288546251,5.1139732123348,clear
59.313734068010966,18.038819385623025,1.9622191297877207,Max Medborgaplatsen,2.61896,1.9622191297877207,5.23792,3.9244382595754415,10.47584,2.3546629557452645,20.95168,13.558202430641412,3.9244382595754415,13.558202430641412,clear
59.314664735706074,18.069152689431306,0.24923897757606672,Max Medborgaplatsen,0.93311,0.24923897757606672,1.86622,0.49847795515213345,3.73244,0.29908677309128007,7.46488,2.595129456486827,0.49847795515213345,2.595129456486827,clear
59.312253478508666,18.056755260501273,1.003722729498311,Max Medborgaplatsen,1.6886700000000001,1.003722729498311,3.3773400000000002,2.007445458996622,6.7546800000000005,1.2044672753979733,13.509360000000001,7.423825468789191,2.007445458996622,7.423825468789191,clear
59.31192289218173,18.063542523813428,0.6841561296343303,Max Medborgaplatsen,1.47054,0.6841561296343303,2.94108,1.3683122592686605,5.88216,0.8209873555611963,11.76432,5.378599229659714,1.3683122592686605,5.378599229659714,clear
59.315471641076634,18.030791254043887,2.40762112007551,Max Medborgaplatsen,3.29941,2.40762112007551,6.59882,4.81524224015102,13.19764,2.8891453440906125,26.39528,16.408775168483267,4.81524224015102,16.408775168483267,clear
59.31377737801913,18.06506841615859,0.5017335023495052,Max Medborgaplatsen,1.14532,0.5017335023495052,2.29064,1.0034670046990104,4.58128,0.6020802028194062,9.16256,4.2110944150368335,1.0034670046990104,4.2110944150368335,clear
59.3163998338172,18.066043999336916,0.4082018229618602,Max Medborgaplatsen,0.95035,0.4082018229618602,1.9007,0.8164036459237204,3.8014,0.4898421875542322,7.6028,3.612491666955905,0.8164036459237204,3.612491666955905,clear
59.31881530044668,18.087798357079706,0.9093205413074228,Max Medborgaplatsen,2.09925,0.9093205413074228,4.1985,1.8186410826148456,8.397,1.0911846495689073,16.794,6.819651464367506,1.8186410826148456,6.819651464367506,clear
59.30677687411471,18.076788999975822,1.012668381827739,Max Medborgaplatsen,1.3908900000000002,1.012668381827739,2.7817800000000004,2.025336763655478,5.563560000000001,1.215202058193287,11.127120000000001,7.48107764369753,2.025336763655478,7.48107764369753,clear
59.31615765392523,18.098968254916652,1.4760578008754528,Max Medborgaplatsen,2.84518,1.4760578008754528,5.69036,2.9521156017509056,11.38072,1.7712693610505434,22.76144,10.446769925602897,2.9521156017509056,10.446769925602897,clear
59.31902809111681,18.07808016565469,0.47096260327749473,Max Medborgaplatsen,1.96598,0.47096260327749473,3.93196,0.9419252065549895,7.86392,0.5651551239329937,15.72784,4.014160660975966,0.9419252065549895,4.014160660975966,clear
59.317009516935734,18.077537786461004,0.2953602267082521,Max Medborgaplatsen,0.5027900000000001,0.2953602267082521,1.0055800000000001,0.5907204534165043,2.0111600000000003,0.3544322720499025,4.022320000000001,2.8903054509328134,0.5907204534165043,2.8903054509328134,clear
59.31486536917421,18.104170075712506,1.7735497532671916,Max Medborgaplatsen,2.1528400000000003,1.7735497532671916,4.305680000000001,3.547099506534383,8.611360000000001,2.12825970392063,17.222720000000002,12.350718420910027,3.547099506534383,12.350718420910027,clear
59.31802737586046,18.09133629815827,1.0731353867314324,Max Medborgaplatsen,2.31009,1.0731353867314324,4.62018,2.1462707734628648,9.24036,1.2877624640777188,18.48072,7.868066475081167,2.1462707734628648,7.868066475081167,clear
59.312072007076154,18.07143934966647,0.410934801363914,Max Medborgaplatsen,1.0569300000000001,0.410934801363914,2.1138600000000003,0.821869602727828,4.227720000000001,0.49312176163669685,8.455440000000001,3.6299827287290496,0.821869602727828,3.6299827287290496,clear
59.31451473566147,18.06781327101671,0.3254997244397163,Max Medborgaplatsen,1.12003,0.3254997244397163,2.24006,0.6509994488794326,4.48012,0.39059966932765955,8.96024,3.0831982364141846,0.6509994488794326,3.0831982364141846,clear
59.31659612891756,18.080043721147835,0.4106196634004521,Max Medborgaplatsen,0.66246,0.4106196634004521,1.32492,0.8212393268009042,2.64984,0.4927435960805425,5.29968,3.627965845762893,0.8212393268009042,3.627965845762893,clear
59.31470118496149,18.09853623583617,1.4544436290086493,Max Medborgaplatsen,1.70576,1.4544436290086493,3.41152,2.9088872580172986,6.82304,1.7453323548103792,13.64608,10.308439225655356,2.9088872580172986,10.308439225655356,clear
59.3053511535834,18.075924801775358,1.1605273809534369,Max Medborgaplatsen,2.23377,1.1605273809534369,4.46754,2.3210547619068738,8.93508,1.3926328571441244,17.87016,8.427375238101996,2.3210547619068738,8.427375238101996,clear
59.31310386878169,18.03995759508647,1.9070562489568201,Max Medborgaplatsen,2.8339000000000003,1.9070562489568201,5.667800000000001,3.8141124979136403,11.335600000000001,2.2884674987481843,22.671200000000002,13.20515999332365,3.8141124979136403,13.20515999332365,clear
59.304019380200494,18.077014362625885,1.3167534727282493,Max Medborgaplatsen,2.04575,1.3167534727282493,4.0915,2.6335069454564985,8.183,1.5801041672738991,16.366,9.427222225460795,2.6335069454564985,9.427222225460795,clear
59.30781062447193,18.076238782298717,0.893522686909474,Max Medborgaplatsen,1.27929,0.893522686909474,2.55858,1.787045373818948,5.11716,1.0722272242913689,10.23432,6.718545196220633,1.787045373818948,6.718545196220633,clear
59.31265216602421,18.081738947804553,0.5971896250354475,Max Medborgaplatsen,0.89899,0.5971896250354475,1.79798,1.194379250070895,3.59596,0.716627550042537,7.19192,4.822013600226864,1.194379250070895,4.822013600226864,clear
59.309670418277506,18.099263692434562,1.6346729578185077,Max Medborgaplatsen,2.2682399999999996,1.6346729578185077,4.536479999999999,3.2693459156370155,9.072959999999998,1.9616075493822092,18.145919999999997,11.461906930038449,3.2693459156370155,11.461906930038449,clear
59.31727546771233,18.083945641143853,0.6449535643574054,Max Medborgaplatsen,0.95121,0.6449535643574054,1.90242,1.2899071287148107,3.80484,0.7739442772288865,7.60968,5.127702811887394,1.2899071287148107,5.127702811887394,clear
59.31651692053598,18.08613871746955,0.7504349684901349,Max Medborgaplatsen,1.63775,0.7504349684901349,3.2755,1.5008699369802698,6.551,0.9005219621881618,13.102,5.802783798336863,1.5008699369802698,5.802783798336863,clear
59.30732406040925,18.08231172429497,1.068083583441117,Max Medborgaplatsen,1.55205,1.068083583441117,3.1041,2.136167166882234,6.2082,1.2817003001293406,12.4164,7.835734934023149,2.136167166882234,7.835734934023149,clear
59.31687248294239,18.07661547445765,0.2427194451459452,Max Medborgaplatsen,0.44733999999999996,0.2427194451459452,0.8946799999999999,0.4854388902918904,1.7893599999999998,0.2912633341751342,3.5787199999999997,2.5534044489340495,0.4854388902918904,2.5534044489340495,clear
59.31774502261488,18.073099449528925,0.23163746894620793,Max Medborgaplatsen,0.53543,0.23163746894620793,1.07086,0.46327493789241586,2.14172,0.2779649627354495,4.28344,2.4824798012557308,0.46327493789241586,2.4824798012557308,clear
59.316922794851706,18.06396363043978,0.5369757747235621,Max Medborgaplatsen,1.089,0.5369757747235621,2.178,1.0739515494471241,4.356,0.6443709296682745,8.712,4.436644958230797,1.0739515494471241,4.436644958230797,clear
59.306268219593775,18.086191398683557,1.286385740832803,Max Medborgaplatsen,1.74425,1.286385740832803,3.4885,2.572771481665606,6.977,1.5436628889993638,13.954,9.23286874132994,2.572771481665606,9.23286874132994,clear
59.31188766909152,18.048711444159377,1.4495177481274926,Max Medborgaplatsen,2.1410500000000003,1.4495177481274926,4.282100000000001,2.899035496254985,8.564200000000001,1.739421297752991,17.128400000000003,10.276913588015953,2.899035496254985,10.276913588015953,clear
59.31690597770703,18.04782945253161,1.4438190843087466,Max Medborgaplatsen,2.3682,1.4438190843087466,4.7364,2.8876381686174932,9.4728,1.7325829011704958,18.9456,10.240442139575979,2.8876381686174932,10.240442139575979,clear
59.318205679027535,18.076616748359605,0.34774796315187395,Max Medborgaplatsen,0.60141,0.34774796315187395,1.20282,0.6954959263037479,2.40564,0.41729755578224875,4.81128,3.225586964171993,0.6954959263037479,3.225586964171993,clear
59.31216626602492,18.057511130172863,0.9678927229685779,Max Medborgaplatsen,1.7115,0.9678927229685779,3.423,1.9357854459371557,6.846,1.1614712675622936,13.692,7.194513426998899,1.9357854459371557,7.194513426998899,clear
59.31178902579431,18.058315214300308,0.9446246224364792,Max Medborgaplatsen,1.65408,0.9446246224364792,3.30816,1.8892492448729583,6.61632,1.1335495469237749,13.23264,7.045597583593466,1.8892492448729583,7.045597583593466,clear
59.3135325599705,18.06787576306063,0.3792980962764663,Max Medborgaplatsen,1.2153800000000001,0.3792980962764663,2.4307600000000003,0.7585961925529326,4.8615200000000005,0.4551577155317596,9.723040000000001,3.4275078161693844,0.7585961925529326,3.4275078161693844,clear
59.315182565614094,18.095999115959813,1.3070815675682361,Max Medborgaplatsen,1.5537,1.3070815675682361,3.1074,2.6141631351364722,6.2148,1.5684978810818835,12.4296,9.365322032436712,2.6141631351364722,9.365322032436712,clear
59.313239155108306,18.052230548638097,1.2170289825893823,Max Medborgaplatsen,1.9482000000000002,1.2170289825893823,3.8964000000000003,2.4340579651787646,7.7928000000000015,1.4604347791072587,15.585600000000003,8.788985488572047,2.4340579651787646,8.788985488572047,clear
59.316141021923634,18.071447176036227,0.10634427510640469,Max Medborgaplatsen,0.59756,0.10634427510640469,1.19512,0.21268855021280939,2.39024,0.12761313012768563,4.78048,1.68060336068099,0.21268855021280939,1.68060336068099,clear
59.31646637665203,18.06651016195651,0.3838839415446423,Max Medborgaplatsen,1.19296,0.3838839415446423,2.38592,0.7677678830892846,4.77184,0.4606607298535707,9.54368,3.4568572258857104,0.7677678830892846,3.4568572258857104,clear
59.31454097772542,18.047928566179966,1.437072202771003,Max Medborgaplatsen,2.08546,1.437072202771003,4.17092,2.874144405542006,8.34184,1.7244866433252035,16.68368,10.19726209773442,2.874144405542006,10.19726209773442,clear
59.31559060933848,18.05773300093482,0.8732700570513483,Max Medborgaplatsen,1.412,0.8732700570513483,2.824,1.7465401141026966,5.648,1.047924068461618,11.296,6.588928365128629,1.7465401141026966,6.588928365128629,clear
59.3119377779595,18.091743717380744,1.1418832459472912,Max Medborgaplatsen,1.55955,1.1418832459472912,3.1191,2.2837664918945824,6.2382,1.3702598951367493,12.4764,8.308052774062663,2.2837664918945824,8.308052774062663,clear
59.31120189207431,18.099541158467673,1.5876628825128618,Max Medborgaplatsen,2.07505,1.5876628825128618,4.1501,3.1753257650257236,8.3002,1.9051954590154343,16.6004,11.161042448082316,3.1753257650257236,11.161042448082316,clear
59.31236685532631,18.0511646386869,1.3003580087099682,Max Medborgaplatsen,2.0394200000000002,1.3003580087099682,4.0788400000000005,2.6007160174199364,8.157680000000001,1.560429610451962,16.315360000000002,9.322291255743796,2.6007160174199364,9.322291255743796,clear
59.31012594953552,18.09944122553749,1.6239424464631056,Max Medborgaplatsen,2.24295,1.6239424464631056,4.4859,3.247884892926211,8.9718,1.9487309357557265,17.9436,11.393231657363875,3.247884892926211,11.393231657363875,clear
59.32019404955823,18.045034448502275,1.674095928480767,Max Medborgaplatsen,2.5109299999999997,1.674095928480767,5.021859999999999,3.348191856961534,10.043719999999999,2.0089151141769204,20.087439999999997,11.71421394227691,3.348191856961534,11.71421394227691,clear
59.30679177834681,18.06556686114305,1.0769075765216551,Max Medborgaplatsen,1.86443,1.0769075765216551,3.72886,2.1538151530433103,7.45772,1.2922890918259862,14.91544,7.892208489738593,2.1538151530433103,7.892208489738593,clear
59.30542037469107,18.07043537890774,1.151140024043846,Max Medborgaplatsen,1.8372899999999999,1.151140024043846,3.6745799999999997,2.302280048087692,7.3491599999999995,1.3813680288526153,14.698319999999999,8.367296153880615,2.302280048087692,8.367296153880615,clear
59.30732794074121,18.06219936321411,1.116173499818753,Max Medborgaplatsen,2.13265,1.116173499818753,4.2653,2.232346999637506,8.5306,1.3394081997825034,17.0612,8.143510398840018,2.232346999637506,8.143510398840018,clear
59.31833163933529,18.018529015518254,3.1198766856943605,Max Medborgaplatsen,4.3697,3.1198766856943605,8.7394,6.239753371388721,17.4788,3.7438520228332326,34.9576,20.967210788443907,6.239753371388721,20.967210788443907,clear
59.31821424837406,18.072796024701056,0.2843201280536154,Max Medborgaplatsen,1.03269,0.2843201280536154,2.06538,0.5686402561072308,4.13076,0.34118415366433846,8.26152,2.8196488195431386,0.5686402561072308,2.8196488195431386,clear
59.310270198354424,18.06696869198266,0.6941910769585704,Max Medborgaplatsen,1.3425799999999999,0.6941910769585704,2.6851599999999998,1.3883821539171408,5.3703199999999995,0.8330292923502844,10.740639999999999,5.442822892534851,1.3883821539171408,5.442822892534851,clear
59.311020703176936,18.079451744159005,0.6324585757654994,Max Medborgaplatsen,1.3344500000000001,0.6324585757654994,2.6689000000000003,1.2649171515309987,5.3378000000000005,0.7589502909185992,10.675600000000001,5.047734884899196,1.2649171515309987,5.047734884899196,clear
59.31073621971618,18.052839792769483,1.2761705664584897,Max Medborgaplatsen,2.03613,1.2761705664584897,4.07226,2.5523411329169794,8.14452,1.5314046797501877,16.28904,9.167491625334334,2.5523411329169794,9.167491625334334,clear
59.31995976530929,18.057783086599446,0.993117452302334,Max Medborgaplatsen,1.91651,0.993117452302334,3.83302,1.986234904604668,7.666039999999999,1.1917409427628007,15.332079999999998,7.355951694734937,1.986234904604668,7.355951694734937,clear
59.31524305339151,18.090885345577124,1.0158409662835002,Max Medborgaplatsen,1.20278,1.0158409662835002,2.40556,2.0316819325670004,4.81112,1.2190091595402004,9.62224,7.5013821842144015,2.0316819325670004,7.5013821842144015,clear
59.31148159834338,18.092010544062195,1.1752719842901531,Max Medborgaplatsen,1.69798,1.1752719842901531,3.39596,2.3505439685803062,6.79192,1.4103263811481839,13.58384,8.52174069945698,2.3505439685803062,8.52174069945698,clear
59.31862252902467,18.0201186407998,3.0331120113058483,Max Medborgaplatsen,4.25638,3.0331120113058483,8.51276,6.066224022611697,17.02552,3.6397344135670178,34.05104,20.41191687235743,6.066224022611697,20.41191687235743,clear
59.31161557308597,18.079737922167038,0.5898549466668496,Max Medborgaplatsen,1.08411,0.5898549466668496,2.16822,1.1797098933336991,4.33644,0.7078259360002195,8.67288,4.775071658667837,1.1797098933336991,4.775071658667837,clear
59.31160075538906,18.08294358940514,0.7221368925487807,Max Medborgaplatsen,1.0649000000000002,0.7221368925487807,2.1298000000000004,1.4442737850975613,4.259600000000001,0.8665642710585368,8.519200000000001,5.621676112312196,1.4442737850975613,5.621676112312196,clear
59.3170352301909,18.08042954794023,0.4461853061517855,Max Medborgaplatsen,0.73737,0.4461853061517855,1.47474,0.892370612303571,2.94948,0.5354223673821425,5.89896,3.8555859593714272,0.892370612303571,3.8555859593714272,clear
59.309219551807296,18.05247204454776,1.3753107638444895,Max Medborgaplatsen,2.28873,1.3753107638444895,4.57746,2.750621527688979,9.15492,1.6503729166133874,18.30984,9.801988888604733,2.750621527688979,9.801988888604733,clear
59.31518354480192,18.042215389356763,1.7577649386822114,Max Medborgaplatsen,2.4418699999999998,1.7577649386822114,4.8837399999999995,3.515529877364423,9.767479999999999,2.1093179264186537,19.534959999999998,12.249695607566153,3.515529877364423,12.249695607566153,clear
59.31785966520989,18.05626877089104,0.9873116054885057,Max Medborgaplatsen,1.72821,0.9873116054885057,3.45642,1.9746232109770114,6.91284,1.184773926586207,13.82568,7.318794275126437,1.9746232109770114,7.318794275126437,clear
59.30992751685899,18.08639022850433,0.9921878301933091,Max Medborgaplatsen,1.3514300000000001,0.9921878301933091,2.7028600000000003,1.9843756603866183,5.4057200000000005,1.190625396231971,10.811440000000001,7.350002113237179,1.9843756603866183,7.350002113237179,clear
59.31920364972654,18.03486167582301,2.2110108025837905,Max Medborgaplatsen,3.22239,2.2110108025837905,6.44478,4.422021605167581,12.88956,2.6532129631005485,25.77912,15.150469136536259,4.422021605167581,15.150469136536259,clear
59.30908214015771,18.065515939931544,0.8502019026537742,Max Medborgaplatsen,1.51776,0.8502019026537742,3.03552,1.7004038053075483,6.07104,1.020242283184529,12.14208,6.441292176984154,1.7004038053075483,6.441292176984154,clear
59.3094441178065,18.07613421127349,0.7147749543993762,Max Medborgaplatsen,1.4513,0.7147749543993762,2.9026,1.4295499087987524,5.8052,0.8577299452792515,11.6104,5.574559708156007,1.4295499087987524,5.574559708156007,clear
59.31061879647585,18.06498887539343,0.7264692145248991,Max Medborgaplatsen,1.6444100000000001,0.7264692145248991,3.2888200000000003,1.4529384290497982,6.577640000000001,0.8717630574298789,13.155280000000001,5.649402972959354,1.4529384290497982,5.649402972959354,clear
59.31459005964991,18.082105488513687,0.5285170724694324,Max Medborgaplatsen,0.7605700000000001,0.5285170724694324,1.5211400000000002,1.0570341449388647,3.0422800000000003,0.6342204869633188,6.084560000000001,4.3825092638043674,1.0570341449388647,4.3825092638043674,clear
59.306397210860865,18.074993810012728,1.038339717858587,Max Medborgaplatsen,1.575,1.038339717858587,3.15,2.076679435717174,6.3,1.2460076614303044,12.6,7.6453741942949565,2.076679435717174,7.6453741942949565,clear
59.31501143183955,18.051031298106224,1.2570072937002066,Max Medborgaplatsen,1.8225799999999999,1.2570072937002066,3.6451599999999997,2.514014587400413,7.2903199999999995,1.5084087524402479,14.580639999999999,9.044846679681322,2.514014587400413,9.044846679681322,clear
59.32013240162921,18.06277041004485,0.7689996844752535,Max Medborgaplatsen,1.53286,0.7689996844752535,3.06572,1.537999368950507,6.13144,0.9227996213703041,12.26288,5.921597980641622,1.537999368950507,5.921597980641622,clear
59.30948793781784,18.08162964081808,0.8434923764253,Max Medborgaplatsen,1.4296600000000002,0.8434923764253,2.8593200000000003,1.6869847528506,5.718640000000001,1.01219085171036,11.437280000000001,6.39835120912192,1.6869847528506,6.39835120912192,clear
59.31583128688649,18.05816348495005,0.8489118035085754,Max Medborgaplatsen,1.39323,0.8489118035085754,2.78646,1.6978236070171508,5.57292,1.0186941642102905,11.14584,6.433035542454883,1.6978236070171508,6.433035542454883,clear
59.313901236779195,18.05154338221656,1.2414109539247922,Max Medborgaplatsen,1.87842,1.2414109539247922,3.75684,2.4828219078495843,7.513680000000001,1.4896931447097506,15.027360000000002,8.94503010511867,2.4828219078495843,8.94503010511867,clear
59.32017992615061,18.062826566648006,0.7700111137988823,Max Medborgaplatsen,1.56891,0.7700111137988823,3.13782,1.5400222275977646,6.27564,0.9240133365586588,12.55128,5.928071128312847,1.5400222275977646,5.928071128312847,clear
59.31843674116174,18.01800967657521,3.150438838190209,Max Medborgaplatsen,4.350560000000001,3.150438838190209,8.701120000000001,6.300877676380418,17.402240000000003,3.7805266058282507,34.804480000000005,21.16280856441734,6.300877676380418,21.16280856441734,clear
59.31739816476924,18.08388549687304,0.645616471232234,Max Medborgaplatsen,0.94669,0.645616471232234,1.89338,1.291232942464468,3.7867599999999997,0.7747397654786807,7.573519999999999,5.131945415886298,1.291232942464468,5.131945415886298,clear
59.31538936613673,18.07790844792864,0.2774446802633521,Max Medborgaplatsen,0.40906,0.2774446802633521,0.81812,0.5548893605267042,1.63624,0.33293361631602253,3.27248,2.7756459536854536,0.5548893605267042,2.7756459536854536,clear
59.3073942417174,18.088913752696936,1.2898500063397274,Max Medborgaplatsen,1.68848,1.2898500063397274,3.37696,2.5797000126794547,6.75392,1.547820007607673,13.50784,9.255040040574254,2.5797000126794547,9.255040040574254,clear
59.319126833066214,18.064898693376723,0.6041578880868784,Max Medborgaplatsen,1.4127,0.6041578880868784,2.8254,1.2083157761737569,5.6508,0.724989465704254,11.3016,4.866610483756022,1.2083157761737569,4.866610483756022,clear
59.31598365911573,18.037428661938918,2.0298271383311914,Max Medborgaplatsen,2.83719,2.0298271383311914,5.67438,4.059654276662383,11.34876,2.4357925659974295,22.69752,13.990893685319625,4.059654276662383,13.990893685319625,clear
59.31719106924722,18.083816143759833,0.6352948174449687,Max Medborgaplatsen,0.9446599999999999,0.6352948174449687,1.8893199999999999,1.2705896348899375,3.7786399999999998,0.7623537809339624,7.5572799999999996,5.0658868316478,1.2705896348899375,5.0658868316478,clear
59.31989988359211,18.05457642581145,1.1537488048660411,Max Medborgaplatsen,1.92583,1.1537488048660411,3.85166,2.3074976097320823,7.703319999999999,1.3844985658392492,15.406639999999998,8.383992351142663,2.3074976097320823,8.383992351142663,clear
59.315980446876786,18.03615914363779,2.1021072556146976,Max Medborgaplatsen,2.97676,2.1021072556146976,5.95352,4.204214511229395,11.90704,2.522528706737637,23.81408,14.453486435934064,4.204214511229395,14.453486435934064,clear
59.306403421463514,18.06738249999939,1.0814285344953727,Max Medborgaplatsen,1.90788,1.0814285344953727,3.81576,2.1628570689907454,7.63152,1.2977142413944471,15.26304,7.921142620770385,2.1628570689907454,7.921142620770385,clear
59.31492031898757,18.055608614058656,0.9976823183654582,Max Medborgaplatsen,1.53397,0.9976823183654582,3.06794,1.9953646367309164,6.13588,1.1972187820385498,12.27176,7.385166837538932,1.9953646367309164,7.385166837538932,clear
59.31658449253316,18.04798956712831,1.4317449495975592,Max Medborgaplatsen,2.33265,1.4317449495975592,4.6653,2.8634898991951183,9.3306,1.718093939517071,18.6612,10.16316767742438,2.8634898991951183,10.16316767742438,clear
59.315409099684054,18.105493934341617,1.846906014690517,Max Medborgaplatsen,2.21292,1.846906014690517,4.42584,3.693812029381034,8.85168,2.2162872176286204,17.70336,12.820198494019309,3.693812029381034,12.820198494019309,clear
59.318669674192705,18.053269797321036,1.1759688712727332,Max Medborgaplatsen,2.16048,1.1759688712727332,4.32096,2.3519377425454664,8.64192,1.4111626455272799,17.28384,8.526200776145492,2.3519377425454664,8.526200776145492,clear
59.30986858921953,18.059364154216166,1.012965688774945,Max Medborgaplatsen,1.90252,1.012965688774945,3.80504,2.02593137754989,7.610080000000001,1.215558826529934,15.220160000000002,7.482980408159648,2.02593137754989,7.482980408159648,clear
59.31808068225241,18.055669795825917,1.0265669968290372,Max Medborgaplatsen,1.73913,1.0265669968290372,3.47826,2.0531339936580744,6.95652,1.2318803961948446,13.91304,7.570028779705838,2.0531339936580744,7.570028779705838,clear
59.31562270950544,18.085957828961998,0.7341447595675483,Max Medborgaplatsen,0.91747,0.7341447595675483,1.83494,1.4682895191350966,3.66988,0.880973711481058,7.33976,5.698526461232309,1.4682895191350966,5.698526461232309,clear
59.31522352569175,18.033855805358826,2.2335538822541094,Max Medborgaplatsen,3.0416,2.2335538822541094,6.0832,4.467107764508219,12.1664,2.6802646587049312,24.3328,15.294744846426301,4.467107764508219,15.294744846426301,clear
59.32009605029792,18.05806557013885,0.9865564601265099,Max Medborgaplatsen,1.93386,0.9865564601265099,3.86772,1.9731129202530198,7.735439999999999,1.183867752151812,15.470879999999998,7.313961344809663,1.9731129202530198,7.313961344809663,clear
59.31128090970987,18.094574658757136,1.3187274001532974,Max Medborgaplatsen,1.74943,1.3187274001532974,3.49886,2.6374548003065947,6.99772,1.582472880183957,13.99544,9.439855360981102,2.6374548003065947,9.439855360981102,clear
59.31824999301042,18.031600677475637,2.378816297293858,Max Medborgaplatsen,3.5856,2.378816297293858,7.1712,4.757632594587716,14.3424,2.8545795567526295,28.6848,16.224424302680692,4.757632594587716,16.224424302680692,clear
59.30496683916285,18.070989342632338,1.1977247750824067,Max Medborgaplatsen,2.0997199999999996,1.1977247750824067,4.199439999999999,2.3954495501648134,8.398879999999998,1.4372697300988881,16.797759999999997,8.665438560527402,2.3954495501648134,8.665438560527402,clear
59.305496068659295,18.067519187892362,1.1761465934555304,Max Medborgaplatsen,2.2857600000000002,1.1761465934555304,4.5715200000000005,2.352293186911061,9.143040000000001,1.4113759121466365,18.286080000000002,8.527338198115395,2.352293186911061,8.527338198115395,clear
59.305868876610646,18.07875021982359,1.1383752482527798,Max Medborgaplatsen,1.71753,1.1383752482527798,3.43506,2.2767504965055596,6.87012,1.3660502979033358,13.74024,8.28560158881779,2.2767504965055596,8.28560158881779,clear
59.30778124803314,18.092500352387418,1.4130044228075818,Max Medborgaplatsen,1.86064,1.4130044228075818,3.72128,2.8260088456151635,7.44256,1.6956053073690982,14.88512,10.043228305968523,2.8260088456151635,10.043228305968523,clear
59.318074311039226,18.075011524739416,0.29027145954998423,Max Medborgaplatsen,0.49110000000000004,0.29027145954998423,0.9822000000000001,0.5805429190999685,1.9644000000000004,0.34832575145998107,3.9288000000000007,2.857737341119899,0.5805429190999685,2.857737341119899,clear
59.31652437542832,18.02829783331256,2.551274807184461,Max Medborgaplatsen,3.48494,2.551274807184461,6.96988,5.102549614368922,13.93976,3.061529768621353,27.87952,17.32815876598055,5.102549614368922,17.32815876598055,clear
59.30902150903385,18.09885924957097,1.6449253393007388,Max Medborgaplatsen,2.25047,1.6449253393007388,4.50094,3.2898506786014776,9.00188,1.9739104071608864,18.00376,11.527522171524728,3.2898506786014776,11.527522171524728,clear
59.31650016044686,18.09108442493296,1.0302689133685343,Max Medborgaplatsen,1.5111400000000001,1.0302689133685343,3.0222800000000003,2.0605378267370686,6.044560000000001,1.236322696042241,12.089120000000001,7.5937210455586195,2.0605378267370686,7.5937210455586195,clear
59.313242451163624,18.072337581532082,0.27313388236567526,Max Medborgaplatsen,0.37859,0.27313388236567526,0.75718,0.5462677647313505,1.51436,0.3277606588388103,3.02872,2.7480568471403215,0.5462677647313505,2.7480568471403215,clear
59.31498436826939,18.0636265025162,0.5429416682638019,Max Medborgaplatsen,1.06111,0.5429416682638019,2.12222,1.0858833365276037,4.24444,0.6515300019165622,8.48888,4.474826676888332,1.0858833365276037,4.474826676888332,clear
59.32007046653911,18.04912989366859,1.448703672286866,Max Medborgaplatsen,2.40808,1.448703672286866,4.81616,2.897407344573732,9.63232,1.7384444067442393,19.26464,10.271703502635942,2.897407344573732,10.271703502635942,clear
59.32032987528264,18.05385211768185,1.2112648248033642,Max Medborgaplatsen,2.1013,1.2112648248033642,4.2026,2.4225296496067283,8.4052,1.453517789764037,16.8104,8.75209487874153,2.4225296496067283,8.75209487874153,clear
59.319650698432554,18.07484980043789,0.4553878997427524,Max Medborgaplatsen,1.3151400000000002,0.4553878997427524,2.6302800000000004,0.9107757994855048,5.260560000000001,0.5464654796913029,10.521120000000002,3.9144825583536154,0.9107757994855048,3.9144825583536154,clear
59.30815597287836,18.089885352074234,1.2717957598724279,Max Medborgaplatsen,1.60475,1.2717957598724279,3.2095,2.5435915197448558,6.419,1.5261549118469135,12.838,9.139492863183538,2.5435915197448558,9.139492863183538,clear
59.31175990749898,18.08950052281918,1.0321315898366243,Max Medborgaplatsen,1.55673,1.0321315898366243,3.11346,2.0642631796732487,6.22692,1.2385579078039493,12.45384,7.605642174954395,2.0642631796732487,7.605642174954395,clear
59.31660187042106,18.048005089770058,1.4310026458051226,Max Medborgaplatsen,2.33398,1.4310026458051226,4.66796,2.862005291610245,9.33592,1.717203174966147,18.67184,10.158416933152784,2.862005291610245,10.158416933152784,clear
59.31705218603841,18.046921648279042,1.4968766681061145,Max Medborgaplatsen,2.3944,1.4968766681061145,4.7888,2.993753336212229,9.5776,1.7962520017273373,19.1552,10.580010675879134,2.993753336212229,10.580010675879134,clear
59.317958943085095,18.023810423405358,2.8165784492815775,Max Medborgaplatsen,3.98487,2.8165784492815775,7.96974,5.633156898563155,15.93948,3.379894139137893,31.87896,19.026102075402097,5.633156898563155,19.026102075402097,clear
59.313727325719455,18.044614596595135,1.6346727210558396,Max Medborgaplatsen,2.3065100000000003,1.6346727210558396,4.613020000000001,3.269345442111679,9.226040000000001,1.9616072652670073,18.452080000000002,11.461905414757373,3.269345442111679,11.461905414757373,clear
59.313852591079794,18.084588682078838,0.6865608594852325,Max Medborgaplatsen,0.9909199999999999,0.6865608594852325,1.9818399999999998,1.373121718970465,3.96368,0.823873031382279,7.92736,5.393989500705488,1.373121718970465,5.393989500705488,clear
59.3081152896285,18.064505866837166,0.9722288850789512,Max Medborgaplatsen,1.87232,0.9722288850789512,3.74464,1.9444577701579024,7.48928,1.1666746620947415,14.97856,7.222264864505288,1.9444577701579024,7.222264864505288,clear
59.31527320233528,18.098334976691678,1.4396595119967561,Max Medborgaplatsen,1.80154,1.4396595119967561,3.60308,2.8793190239935122,7.20616,1.7275914143961075,14.41232,10.21382087677924,2.8793190239935122,10.21382087677924,clear
59.31785484653496,18.088038109698648,0.8867610172128774,Max Medborgaplatsen,2.13341,0.8867610172128774,4.26682,1.7735220344257547,8.53364,1.0641132206554529,17.06728,6.675270510162415,1.7735220344257547,6.675270510162415,clear
59.315952059422,18.066936083552605,0.3505807317553493,Max Medborgaplatsen,0.79872,0.3505807317553493,1.59744,0.7011614635106986,3.19488,0.4206968781064192,6.38976,3.2437166832342355,0.7011614635106986,3.2437166832342355,clear
59.315262988162246,18.056118327981483,0.9662300411298813,Max Medborgaplatsen,1.49674,0.9662300411298813,2.99348,1.9324600822597626,5.98696,1.1594760493558576,11.97392,7.18387226323124,1.9324600822597626,7.18387226323124,clear
59.317335608118164,18.0908091678467,1.0273610778776343,Max Medborgaplatsen,1.8548499999999999,1.0273610778776343,3.7096999999999998,2.0547221557552686,7.4193999999999996,1.2328332934531612,14.838799999999999,7.57511089841686,2.0547221557552686,7.57511089841686,clear
59.31928371493557,18.076442000649884,0.4465266206424565,Max Medborgaplatsen,0.96024,0.4465266206424565,1.92048,0.893053241284913,3.8409600000000004,0.5358319447709478,7.681920000000001,3.8577703721117214,0.893053241284913,3.8577703721117214,clear
59.31574986227478,18.058988427989433,0.8017881832204585,Max Medborgaplatsen,1.32419,0.8017881832204585,2.64838,1.603576366440917,5.29676,0.9621458198645503,10.59352,6.131444372610934,1.603576366440917,6.131444372610934,clear
59.313555789440436,18.073617617506887,0.2371377469562895,Max Medborgaplatsen,0.29287,0.2371377469562895,0.58574,0.474275493912579,1.17148,0.2845652963475474,2.34296,2.517681580520253,0.474275493912579,2.517681580520253,clear
59.316338224669444,18.05485867892847,1.0396091284461384,Max Medborgaplatsen,1.69065,1.0396091284461384,3.3813,2.079218256892277,6.7626,1.247530954135366,13.5252,7.653498422055286,2.079218256892277,7.653498422055286,clear
59.308642576220215,18.05495681030491,1.2945994798323328,Max Medborgaplatsen,2.17098,1.2945994798323328,4.34196,2.5891989596646656,8.68392,1.5535193757987993,17.36784,9.28543667092693,2.5891989596646656,9.28543667092693,clear
59.306525470039496,18.068384462107694,1.052577564669778,Max Medborgaplatsen,1.8700899999999998,1.052577564669778,3.7401799999999996,2.105155129339556,7.480359999999999,1.2630930776037337,14.960719999999998,7.736496413886579,2.105155129339556,7.736496413886579,clear
59.31177699373438,18.04377534821979,1.723522229373613,Max Medborgaplatsen,2.57775,1.723522229373613,5.1555,3.447044458747226,10.311,2.0682266752483356,20.622,12.030542267991123,3.447044458747226,12.030542267991123,clear
59.309721343807176,18.057183945615943,1.1210629802401622,Max Medborgaplatsen,2.02006,1.1210629802401622,4.04012,2.2421259604803243,8.08024,1.3452755762881947,16.16048,8.174803073537039,2.2421259604803243,8.174803073537039,clear
59.30924996409567,18.089104554500636,1.1598096747066624,Max Medborgaplatsen,1.586,1.1598096747066624,3.172,2.319619349413325,6.344,1.3917716096479948,12.688,8.42278191812264,2.319619349413325,8.42278191812264,clear
59.31784247895656,18.068165388198285,0.3697346217168641,Max Medborgaplatsen,0.92434,0.3697346217168641,1.84868,0.7394692434337282,3.69736,0.4436815460602369,7.39472,3.3663015789879305,0.7394692434337282,3.3663015789879305,clear
59.30998665220864,18.066283092753686,0.7412954493540314,Max Medborgaplatsen,1.54597,0.7412954493540314,3.09194,1.4825908987080627,6.18388,0.8895545392248376,12.36776,5.744290875865801,1.4825908987080627,5.744290875865801,clear
59.311330923800455,18.045681662927915,1.6326814553073006,Max Medborgaplatsen,2.30534,1.6326814553073006,4.61068,3.265362910614601,9.22136,1.9592177463687608,18.44272,11.449161313966723,3.265362910614601,11.449161313966723,clear
59.32025350809864,18.05991284683838,0.9067856650026592,Max Medborgaplatsen,2.04876,0.9067856650026592,4.09752,1.8135713300053184,8.19504,1.088142798003191,16.39008,6.803428256017019,1.8135713300053184,6.803428256017019,clear
59.310375314861865,18.054855255605226,1.192942863250346,Max Medborgaplatsen,2.1817800000000003,1.192942863250346,4.3635600000000005,2.385885726500692,8.727120000000001,1.4315314359004152,17.454240000000002,8.634834324802215,2.385885726500692,8.634834324802215,clear
59.316826281312935,18.045605542978098,1.5691758129204973,Max Medborgaplatsen,2.33264,1.5691758129204973,4.66528,3.1383516258409947,9.33056,1.8830109755045967,18.66112,11.042725202691184,3.1383516258409947,11.042725202691184,clear
59.31663531045396,18.100011609441186,1.5382430187423648,Max Medborgaplatsen,3.22252,1.5382430187423648,6.44504,3.0764860374847296,12.89008,1.845891622490838,25.78016,10.844755319951135,3.0764860374847296,10.844755319951135,clear
59.3206452644248,18.064507262302694,0.7384318939857134,Max Medborgaplatsen,1.6294300000000002,0.7384318939857134,3.2588600000000003,1.4768637879714268,6.517720000000001,0.886118272782856,13.035440000000001,5.725964121508566,1.4768637879714268,5.725964121508566,clear
59.31197672826405,18.051375239974732,1.3019228976776014,Max Medborgaplatsen,1.9601300000000001,1.3019228976776014,3.9202600000000003,2.6038457953552028,7.840520000000001,1.5623074772131216,15.681040000000001,9.33230654513665,2.6038457953552028,9.33230654513665,clear
59.306450232280476,18.08068812756294,1.1146167646237302,Max Medborgaplatsen,1.6743,1.1146167646237302,3.3486,2.2292335292474603,6.6972,1.3375401175484762,13.3944,8.133547293591873,2.2292335292474603,8.133547293591873,clear
59.3119149904959,18.090416989665915,1.0728374410216206,Max Medborgaplatsen,1.5849300000000002,1.0728374410216206,3.1698600000000003,2.145674882043241,6.339720000000001,1.2874049292259446,12.679440000000001,7.866159622538372,2.145674882043241,7.866159622538372,clear
59.31290793733358,18.08270180676055,0.6288772338308041,Max Medborgaplatsen,0.93096,0.6288772338308041,1.86192,1.2577544676616081,3.72384,0.7546526805969649,7.44768,5.024814296517146,1.2577544676616081,5.024814296517146,clear
59.32006171138633,18.07293676184467,0.48976645696094695,Max Medborgaplatsen,1.21191,0.48976645696094695,2.42382,0.9795329139218939,4.84764,0.5877197483531363,9.69528,4.1345053245500605,0.9795329139218939,4.1345053245500605,clear
59.32051806118593,18.077122277644044,0.5878151190659244,Max Medborgaplatsen,1.91316,0.5878151190659244,3.82632,1.1756302381318489,7.65264,0.7053781428791093,15.30528,4.762016762021917,1.1756302381318489,4.762016762021917,clear
59.31629327806102,18.04533281428903,1.5809309082862557,Max Medborgaplatsen,2.46174,1.5809309082862557,4.92348,3.1618618165725114,9.84696,1.897117089943507,19.69392,11.117957813032037,3.1618618165725114,11.117957813032037,clear
59.312100887107306,18.066292146057165,0.5536868892687434,Max Medborgaplatsen,1.40272,0.5536868892687434,2.80544,1.1073737785374869,5.61088,0.6644242671224921,11.22176,4.543596091319958,1.1073737785374869,4.543596091319958,clear
59.31634496297364,18.05426251357287,1.0735265022868459,Max Medborgaplatsen,1.72238,1.0735265022868459,3.44476,2.1470530045736917,6.88952,1.288231802744215,13.77904,7.870569614635814,2.1470530045736917,7.870569614635814,clear
59.31601618701605,18.05440230526073,1.0636177266316111,Max Medborgaplatsen,1.6665699999999999,1.0636177266316111,3.3331399999999998,2.1272354532632223,6.6662799999999995,1.2763412719579335,13.332559999999999,7.8071534504423115,2.1272354532632223,7.8071534504423115,clear
59.32073403218581,18.051993175930242,1.3262026549501795,Max Medborgaplatsen,2.1008,1.3262026549501795,4.2016,2.652405309900359,8.4032,1.5914431859402154,16.8064,9.48769699168115,2.652405309900359,9.48769699168115,clear
59.31907515101618,18.072294678940906,0.3823430231167057,Max Medborgaplatsen,1.28355,0.3823430231167057,2.5671,0.7646860462334114,5.1342,0.4588116277400468,10.2684,3.4469953479469164,0.7646860462334114,3.4469953479469164,clear
59.31718174170663,18.06391693469072,0.5477373408472479,Max Medborgaplatsen,1.13845,0.5477373408472479,2.2769,1.0954746816944958,4.5538,0.6572848090166974,9.1076,4.505518981422386,1.0954746816944958,4.505518981422386,clear
59.31134214836513,18.0497793209925,1.4110143941147821,Max Medborgaplatsen,2.08837,1.4110143941147821,4.17674,2.8220287882295643,8.35348,1.6932172729377386,16.70696,10.030492122334605,2.8220287882295643,10.030492122334605,clear
59.316964353122486,18.0323282662048,2.324448530015725,Max Medborgaplatsen,3.3056900000000002,2.324448530015725,6.6113800000000005,4.64889706003145,13.222760000000001,2.7893382360188697,26.445520000000002,15.876470592100638,4.64889706003145,15.876470592100638,clear
59.31490448668313,18.096446020426868,1.3341270038492616,Max Medborgaplatsen,1.97444,1.3341270038492616,3.94888,2.6682540076985233,7.897759999999999,1.600952404619114,15.795519999999998,9.538412824635275,2.6682540076985233,9.538412824635275,clear
59.313790143878414,18.040707135873525,1.8546820707828489,Max Medborgaplatsen,2.51224,1.8546820707828489,5.02448,3.7093641415656977,10.04896,2.2256184849394187,20.09792,12.869965253010232,3.7093641415656977,12.869965253010232,clear
59.31361041136588,18.084088967526842,0.6681747641658942,Max Medborgaplatsen,1.03414,0.6681747641658942,2.06828,1.3363495283317883,4.13656,0.801809716999073,8.27312,5.276318490661723,1.3363495283317883,5.276318490661723,clear
59.321062067969436,18.059476075419617,0.9799527523945606,Max Medborgaplatsen,1.95951,0.9799527523945606,3.91902,1.9599055047891212,7.83804,1.1759433028734727,15.67608,7.271697615325188,1.9599055047891212,7.271697615325188,clear
59.30906276785467,18.085554100622645,1.0231757784348163,Max Medborgaplatsen,1.4465899999999998,1.0231757784348163,2.8931799999999996,2.0463515568696327,5.786359999999999,1.2278109341217798,11.572719999999999,7.548324981982825,2.0463515568696327,7.548324981982825,clear
59.31835565204563,18.084996902439666,0.7425281717260007,Max Medborgaplatsen,2.20973,0.7425281717260007,4.41946,1.4850563434520014,8.83892,0.8910338060712009,17.67784,5.752180299046405,1.4850563434520014,5.752180299046405,clear
59.31048079471588,18.09248581661298,1.2477195106314871,Max Medborgaplatsen,1.71848,1.2477195106314871,3.43696,2.4954390212629742,6.87392,1.4972634127577846,13.74784,8.985404868041517,2.4954390212629742,8.985404868041517,clear
59.31805901503623,18.025263749789445,2.735228245476214,Max Medborgaplatsen,3.9004499999999998,2.735228245476214,7.8008999999999995,5.470456490952428,15.601799999999999,3.2822738945714565,31.203599999999998,18.50546077104777,5.470456490952428,18.50546077104777,clear
59.307338441084426,18.068652400438275,0.961134805206439,Max Medborgaplatsen,1.75295,0.961134805206439,3.5059,1.922269610412878,7.0118,1.1533617662477267,14.0236,7.151262753321209,1.922269610412878,7.151262753321209,clear
59.31900020093424,18.084781149818337,0.7635342280026034,Max Medborgaplatsen,2.40173,0.7635342280026034,4.80346,1.5270684560052068,9.60692,0.9162410736031241,19.21384,5.886619059216661,1.5270684560052068,5.886619059216661,clear
59.31826913984428,18.050690098132172,1.3068486662523908,Max Medborgaplatsen,2.14119,1.3068486662523908,4.28238,2.6136973325047816,8.56476,1.568218399502869,17.12952,9.363831464015302,2.6136973325047816,9.363831464015302,clear
59.30674651766284,18.067046454839954,1.0511096069045096,Max Medborgaplatsen,1.87124,1.0511096069045096,3.74248,2.102219213809019,7.48496,1.2613315282854114,14.96992,7.727101484188861,2.102219213809019,7.727101484188861,clear
59.31627126009795,18.04789608811729,1.4349983870367908,Max Medborgaplatsen,2.2961,1.4349983870367908,4.5922,2.8699967740735817,9.1844,1.721998064444149,18.3688,10.183989677035461,2.8699967740735817,10.183989677035461,clear
59.30762709859057,18.088404794254622,1.2510347978958687,Max Medborgaplatsen,1.68097,1.2510347978958687,3.36194,2.5020695957917374,6.72388,1.5012417574750423,13.44776,9.006622706533559,2.5020695957917374,9.006622706533559,clear
59.31646644915575,18.077374890854106,0.26105249631751964,Max Medborgaplatsen,0.36072000000000004,0.26105249631751964,0.7214400000000001,0.5221049926350393,1.4428800000000002,0.3132629955810236,2.8857600000000003,2.670735976432126,0.5221049926350393,2.670735976432126,clear
59.31888065393677,18.021871640343004,2.937252650295514,Max Medborgaplatsen,4.23279,2.937252650295514,8.46558,5.874505300591028,16.93116,3.5247031803546167,33.86232,19.798416961891288,5.874505300591028,19.798416961891288,clear
59.307463789562874,18.09339119809199,1.4747413811665404,Max Medborgaplatsen,1.8797000000000001,1.4747413811665404,3.7594000000000003,2.949482762333081,7.5188,1.7696896573998484,15.0376,10.43834483946586,2.949482762333081,10.43834483946586,clear
59.31741562333529,18.030348230963643,2.440481778095113,Max Medborgaplatsen,3.72433,2.440481778095113,7.44866,4.880963556190226,14.89732,2.9285781337141357,29.79464,16.61908337980872,4.880963556190226,16.61908337980872,clear
59.31464412449724,18.05279375093224,1.1601245899320562,Max Medborgaplatsen,1.7076500000000001,1.1601245899320562,3.4153000000000002,2.3202491798641125,6.8306000000000004,1.3921495079184674,13.661200000000001,8.42479737556516,2.3202491798641125,8.42479737556516,clear
59.320135815007866,18.070723279576743,0.5155361332820716,Max Medborgaplatsen,1.05163,0.5155361332820716,2.10326,1.0310722665641432,4.20652,0.618643359938486,8.41304,4.299431253005258,1.0310722665641432,4.299431253005258,clear
59.313128028992,18.091074316714554,1.0637949837324203,Max Medborgaplatsen,1.4263299999999999,1.0637949837324203,2.8526599999999998,2.1275899674648406,5.7053199999999995,1.2765539804789046,11.410639999999999,7.80828789588749,2.1275899674648406,7.80828789588749,clear
59.316636194525046,18.02826673093678,2.553537613292554,Max Medborgaplatsen,3.48635,2.553537613292554,6.9727,5.107075226585108,13.9454,3.0642451359510647,27.8908,17.342640725072346,5.107075226585108,17.342640725072346,clear
59.31230858475026,18.06051700170408,0.8066565494443907,Max Medborgaplatsen,1.5426600000000001,0.8066565494443907,3.0853200000000003,1.6133130988887814,6.170640000000001,0.9679878593332689,12.341280000000001,6.162601916444101,1.6133130988887814,6.162601916444101,clear
59.31677400518863,18.08946297210732,0.9418520748251191,Max Medborgaplatsen,1.29726,0.9418520748251191,2.59452,1.8837041496502382,5.18904,1.130222489790143,10.37808,7.027853278880762,1.8837041496502382,7.027853278880762,clear
59.316769333208065,18.068694064306317,0.27770453921586613,Max Medborgaplatsen,1.1043800000000001,0.27770453921586613,2.2087600000000003,0.5554090784317323,4.417520000000001,0.33324544705903936,8.835040000000001,2.7773090509815432,0.5554090784317323,2.7773090509815432,clear
59.30796519381991,18.091888099268992,1.3729606150983256,Max Medborgaplatsen,1.76009,1.3729606150983256,3.52018,2.745921230196651,7.04036,1.6475527381179906,14.08072,9.786947936629284,2.745921230196651,9.786947936629284,clear
59.31027073292833,18.075229715625614,0.6135053489996903,Max Medborgaplatsen,0.99454,0.6135053489996903,1.98908,1.2270106979993807,3.97816,0.7362064187996283,7.95632,4.926434233598018,1.2270106979993807,4.926434233598018,clear
59.30963561629063,18.087575456764387,1.0649292618631439,Max Medborgaplatsen,1.52393,1.0649292618631439,3.04786,2.1298585237262877,6.09572,1.2779151142357728,12.19144,7.815547275924121,2.1298585237262877,7.815547275924121,clear
59.309038259526886,18.06583949158846,0.8452975976901227,Max Medborgaplatsen,1.50118,0.8452975976901227,3.00236,1.6905951953802454,6.00472,1.0143571172281471,12.00944,6.409904625216785,1.6905951953802454,6.409904625216785,clear
59.31765411703427,18.044412999963996,1.6466990403024588,Max Medborgaplatsen,2.47002,1.6466990403024588,4.94004,3.2933980806049177,9.88008,1.9760388483629505,19.76016,11.538873857935737,3.2933980806049177,11.538873857935737,clear
59.32009538103135,18.053684479732404,1.2090030117691348,Max Medborgaplatsen,1.9805599999999999,1.2090030117691348,3.9611199999999998,2.4180060235382697,7.922239999999999,1.4508036141229617,15.844479999999997,8.737619275322462,2.4180060235382697,8.737619275322462,clear
59.31921343624592,18.070087598852332,0.43008422434947946,Max Medborgaplatsen,0.99579,0.43008422434947946,1.99158,0.8601684486989589,3.98316,0.5161010692193754,7.96632,3.7525390358366684,0.8601684486989589,3.7525390358366684,clear
59.31907909706082,18.078537021679708,0.49155484903746127,Max Medborgaplatsen,1.98705,0.49155484903746127,3.9741,0.9831096980749225,7.9482,0.5898658188449536,15.8964,4.1459510338397525,0.9831096980749225,4.1459510338397525,clear
59.317686607111874,18.08472855761258,0.701223324693908,Max Medborgaplatsen,2.48759,0.701223324693908,4.97518,1.402446649387816,9.95036,0.8414679896326895,19.90072,5.487829278041011,1.402446649387816,5.487829278041011,clear
59.31403559421725,18.08625955573713,0.7729653391244137,Max Medborgaplatsen,1.14987,0.7729653391244137,2.29974,1.5459306782488274,4.59948,0.9275584069492964,9.19896,5.946978170396248,1.5459306782488274,5.946978170396248,clear
59.307468008849284,18.068690163275328,0.9466422663692549,Max Medborgaplatsen,1.7558,0.9466422663692549,3.5116,1.8932845327385097,7.0232,1.135970719643106,14.0464,7.058510504763231,1.8932845327385097,7.058510504763231,clear
59.31699364274335,18.024505587055554,2.769375144384106,Max Medborgaplatsen,4.0445,2.769375144384106,8.089,5.538750288768212,16.178,3.323250173260927,32.356,18.72400092405828,5.538750288768212,18.72400092405828,clear
59.31810451028804,18.06493047344739,0.5371046541801826,Max Medborgaplatsen,1.08119,0.5371046541801826,2.16238,1.0742093083603652,4.32476,0.6445255850162191,8.64952,4.4374697867531685,1.0742093083603652,4.4374697867531685,clear
59.308445157685235,18.08517303503293,1.059457292659248,Max Medborgaplatsen,1.4528699999999999,1.059457292659248,2.9057399999999998,2.118914585318496,5.8114799999999995,1.2713487511910975,11.622959999999999,7.780526673019187,2.118914585318496,7.780526673019187,clear
59.311302230037214,18.09472499574075,1.325811128205211,Max Medborgaplatsen,1.74498,1.325811128205211,3.48996,2.651622256410422,6.97992,1.5909733538462532,13.95984,9.48519122051335,2.651622256410422,9.48519122051335,clear
59.312062286136424,18.068595448743434,0.47538365989542947,Max Medborgaplatsen,1.36067,0.47538365989542947,2.72134,0.9507673197908589,5.44268,0.5704603918745154,10.88536,4.042455423330749,0.9507673197908589,4.042455423330749,clear
59.31772332566088,18.06545842810237,0.4901607239384552,Max Medborgaplatsen,1.06268,0.4901607239384552,2.12536,0.9803214478769104,4.25072,0.5881928687261463,8.50144,4.137028633206113,0.9803214478769104,4.137028633206113,clear
59.32107519825157,18.067382098230766,0.6840518051142612,Max Medborgaplatsen,1.5572300000000001,0.6840518051142612,3.1144600000000002,1.3681036102285224,6.2289200000000005,0.8208621661371135,12.457840000000001,5.377931552731272,1.3681036102285224,5.377931552731272,clear
59.307219738036004,18.086209559832543,1.2023376983585523,Max Medborgaplatsen,1.60138,1.2023376983585523,3.20276,2.4046753967171046,6.40552,1.4428052380302627,12.81104,8.694961269494735,2.4046753967171046,8.694961269494735,clear
59.31836000925123,18.081464730310266,0.5646173600149381,Max Medborgaplatsen,2.23387,0.5646173600149381,4.46774,1.1292347200298762,8.93548,0.6775408320179258,17.87096,4.613551104095604,1.1292347200298762,4.613551104095604,clear
59.3174705755534,18.093201465978428,1.164105459718299,Max Medborgaplatsen,2.4308400000000003,1.164105459718299,4.861680000000001,2.328210919436598,9.723360000000001,1.3969265516619587,19.446720000000003,8.450274942197114,2.328210919436598,8.450274942197114,clear
59.31219107290407,18.049457106954257,1.3992040770046321,Max Medborgaplatsen,2.1503699999999997,1.3992040770046321,4.300739999999999,2.7984081540092642,8.601479999999999,1.6790448924055585,17.202959999999997,9.954906092829646,2.7984081540092642,9.954906092829646,clear
59.315270872370554,18.044158515396692,1.646870800389015,Max Medborgaplatsen,2.4202600000000003,1.646870800389015,4.840520000000001,3.29374160077803,9.681040000000001,1.976244960466818,19.362080000000002,11.539973122489695,3.29374160077803,11.539973122489695,clear
59.31665972548797,18.088999612547433,0.9140712856044941,Max Medborgaplatsen,1.29355,0.9140712856044941,2.5871,1.8281425712089883,5.1742,1.096885542725393,10.3484,6.8500562278687624,1.8281425712089883,6.8500562278687624,clear
59.30625723435571,18.07542946676938,1.0567196879729628,Max Medborgaplatsen,1.61525,1.0567196879729628,3.2305,2.1134393759459256,6.461,1.2680636255675555,12.922,7.7630060030269625,2.1134393759459256,7.7630060030269625,clear
59.31475144237245,18.03884001558639,1.95183907201102,Max Medborgaplatsen,2.74859,1.95183907201102,5.49718,3.90367814402204,10.99436,2.342206886413224,21.98872,13.491770060870529,3.90367814402204,13.491770060870529,clear
59.32111384418217,18.056492732796947,1.1220873545119077,Max Medborgaplatsen,2.11197,1.1220873545119077,4.22394,2.2441747090238153,8.44788,1.346504825414289,16.89576,8.181359068876208,2.2441747090238153,8.181359068876208,clear
59.31382869737738,18.059658044595064,0.7905692658432352,Max Medborgaplatsen,1.42799,0.7905692658432352,2.85598,1.5811385316864703,5.71196,0.9486831190118821,11.42392,6.059643301396704,1.5811385316864703,6.059643301396704,clear
59.31370731467887,18.072390942275426,0.22154125005909078,Max Medborgaplatsen,0.25403,0.22154125005909078,0.50806,0.44308250011818157,1.01612,0.2658495000709089,2.03224,2.417864000378181,0.44308250011818157,2.417864000378181,clear
59.30791244119654,18.08935473813616,1.2675233940222366,Max Medborgaplatsen,1.6185399999999999,1.2675233940222366,3.2370799999999997,2.535046788044473,6.4741599999999995,1.521028072826684,12.948319999999999,9.112149721742314,2.535046788044473,9.112149721742314,clear
59.30903308846652,18.081679120916622,0.8868770465207602,Max Medborgaplatsen,1.31119,0.8868770465207602,2.62238,1.7737540930415203,5.24476,1.0642524558249122,10.48952,6.676013097732865,1.7737540930415203,6.676013097732865,clear
59.31227950145139,18.0445925748444,1.6649339136064039,Max Medborgaplatsen,2.71855,1.6649339136064039,5.4371,3.3298678272128077,10.8742,1.9979206963276845,21.7484,11.655577047080985,3.3298678272128077,11.655577047080985,clear
59.30725748040996,18.07721497707281,0.966025824034932,Max Medborgaplatsen,1.74782,0.966025824034932,3.49564,1.932051648069864,6.99128,1.1592309888419183,13.98256,7.182565273823565,1.932051648069864,7.182565273823565,clear
59.319047105073345,18.073040175493716,0.37668579023779714,Max Medborgaplatsen,1.26017,0.37668579023779714,2.52034,0.7533715804755943,5.04068,0.45202294828535655,10.08136,3.4107890575219018,0.7533715804755943,3.4107890575219018,clear
59.3132231808734,18.066656463090787,0.45531793240363927,Max Medborgaplatsen,1.19541,0.45531793240363927,2.39082,0.9106358648072785,4.78164,0.546381518884367,9.56328,3.914034767383291,0.9106358648072785,3.914034767383291,clear
59.317384008206076,18.055787685523033,1.002431321330734,Max Medborgaplatsen,1.69046,1.002431321330734,3.38092,2.004862642661468,6.76184,1.2029175855968808,13.52368,7.4155604565166975,2.004862642661468,7.4155604565166975,clear
59.31168592534267,18.065272862553183,0.6273657758778882,Max Medborgaplatsen,1.41957,0.6273657758778882,2.83914,1.2547315517557764,5.67828,0.7528389310534658,11.35656,5.015140965618484,1.2547315517557764,5.015140965618484,clear
59.31478880605166,18.095674186867377,1.2911770370132811,Max Medborgaplatsen,1.6564,1.2911770370132811,3.3128,2.5823540740265623,6.6256,1.5494124444159374,13.2512,9.263533036884999,2.5823540740265623,9.263533036884999,clear
59.317912942581316,18.074491897972354,0.2631638954763425,Max Medborgaplatsen,0.58793,0.2631638954763425,1.17586,0.526327790952685,2.35172,0.315796674571611,4.70344,2.684248931048592,0.526327790952685,2.684248931048592,clear
59.314534844225626,18.085994184159134,0.7469132303878425,Max Medborgaplatsen,1.04385,0.7469132303878425,2.0877,1.493826460775685,4.1754,0.896295876465411,8.3508,5.7802446744821925,1.493826460775685,5.7802446744821925,clear
59.3101815609456,18.08425713992485,0.8828589659126868,Max Medborgaplatsen,1.20575,0.8828589659126868,2.4115,1.7657179318253735,4.823,1.059430759095224,9.646,6.650297381841195,1.7657179318253735,6.650297381841195,clear
59.3200310860026,18.05235856517143,1.2755560477233105,Max Medborgaplatsen,2.0562,1.2755560477233105,4.1124,2.551112095446621,8.2248,1.5306672572679727,16.4496,9.163558705429187,2.551112095446621,9.163558705429187,clear
59.30679912630806,18.077089077070767,1.013968921097358,Max Medborgaplatsen,1.70045,1.013968921097358,3.4009,2.027937842194716,6.8018,1.2167627053168295,13.6036,7.489401095023091,2.027937842194716,7.489401095023091,clear
59.315744612120724,18.103836865127594,1.752330323785042,Max Medborgaplatsen,2.13299,1.752330323785042,4.26598,3.504660647570084,8.53196,2.1027963885420506,17.06392,12.21491407222427,3.504660647570084,12.21491407222427,clear
59.31966530901017,18.034627601507584,2.2338004120762447,Max Medborgaplatsen,3.6073899999999997,2.2338004120762447,7.214779999999999,4.467600824152489,14.429559999999999,2.680560494491494,28.859119999999997,15.296322637287966,4.467600824152489,15.296322637287966,clear
59.31224836961638,18.073119387663596,0.3807121270151943,Max Medborgaplatsen,0.99899,0.3807121270151943,1.99798,0.7614242540303886,3.9959599999999997,0.45685455241823314,7.9919199999999995,3.4365576128972437,0.7614242540303886,3.4365576128972437,clear
59.31729192655776,18.036256173142885,2.1040619410591135,Max Medborgaplatsen,3.11163,2.1040619410591135,6.22326,4.208123882118227,12.44652,2.524874329270936,24.89304,14.465996422778325,4.208123882118227,14.465996422778325,clear
59.31310099191562,18.101607633015615,1.6503412413431,Max Medborgaplatsen,1.9866199999999998,1.6503412413431,3.9732399999999997,3.3006824826862,7.946479999999999,1.98040948961172,15.892959999999999,11.56218394459584,3.3006824826862,11.56218394459584,clear
59.3141247073918,18.05337999471041,1.1342185246666423,Max Medborgaplatsen,1.75726,1.1342185246666423,3.51452,2.2684370493332846,7.02904,1.3610622295999708,14.05808,8.25899855786651,2.2684370493332846,8.25899855786651,clear
59.319697650763985,18.081981437950066,0.6778255262747768,Max Medborgaplatsen,2.11083,0.6778255262747768,4.22166,1.3556510525495535,8.44332,0.8133906315297321,16.88664,5.338083368158571,1.3556510525495535,5.338083368158571,clear
59.318819353222786,18.024594531980174,2.782548947418093,Max Medborgaplatsen,3.93389,2.782548947418093,7.86778,5.565097894836186,15.735560000000001,3.3390587369017117,31.471120000000003,18.808313263475796,5.565097894836186,18.808313263475796,clear
59.314042428192856,18.101224339993113,1.6137344364435495,Max Medborgaplatsen,2.83061,1.6137344364435495,5.66122,3.227468872887099,11.32244,1.9364813237322593,22.64488,11.327900393238718,3.227468872887099,11.327900393238718,clear
59.31781061060798,18.06166736238436,0.691729997809104,Max Medborgaplatsen,1.31907,0.691729997809104,2.63814,1.383459995618208,5.27628,0.8300759973709249,10.55256,5.427071985978266,1.383459995618208,5.427071985978266,clear
59.3139279052763,18.103273027143644,1.731104284736366,Max Medborgaplatsen,1.94854,1.731104284736366,3.89708,3.462208569472732,7.79416,2.077325141683639,15.58832,12.079067422312743,3.462208569472732,12.079067422312743,clear
59.304819888278054,18.080665903813184,1.283424408141903,Max Medborgaplatsen,1.87653,1.283424408141903,3.75306,2.566848816283806,7.506119999999999,1.5401092897702837,15.012239999999998,9.21391621210818,2.566848816283806,9.21391621210818,clear
59.31143558979808,18.053890731299216,1.1894412642853753,Max Medborgaplatsen,1.87366,1.1894412642853753,3.74732,2.3788825285707507,7.49464,1.4273295171424503,14.98928,8.612424091426401,2.3788825285707507,8.612424091426401,clear
59.318425679273346,18.066682707497264,0.4761223801584783,Max Medborgaplatsen,1.13557,0.4761223801584783,2.27114,0.9522447603169566,4.54228,0.571346856190174,9.08456,4.047183233014261,0.9522447603169566,4.047183233014261,clear
59.313794744538185,18.038436934718774,1.9831461978362777,Max Medborgaplatsen,2.63887,1.9831461978362777,5.27774,3.9662923956725553,10.55548,2.3797754374035334,21.11096,13.692135666152177,3.9662923956725553,13.692135666152177,clear
59.318380777469024,18.081894687717053,0.5866897387480748,Max Medborgaplatsen,2.25595,0.5866897387480748,4.5119,1.1733794774961497,9.0238,0.7040276864976898,18.0476,4.754814327987679,1.1733794774961497,4.754814327987679,clear
59.308399081026934,18.08001308039222,0.9010172167049743,Max Medborgaplatsen,1.42172,0.9010172167049743,2.84344,1.8020344334099485,5.68688,1.081220660045969,11.37376,6.766510186911836,1.8020344334099485,6.766510186911836,clear
59.314967816318116,18.105019574708795,1.8213427201391212,Max Medborgaplatsen,2.13223,1.8213427201391212,4.26446,3.6426854402782425,8.52892,2.185611264166946,17.05784,12.656593408890377,3.6426854402782425,12.656593408890377,clear
59.312170074337715,18.06707438400753,0.5177983013385078,Max Medborgaplatsen,1.4301199999999998,0.5177983013385078,2.8602399999999997,1.0355966026770156,5.720479999999999,0.6213579616062094,11.440959999999999,4.31390912856645,1.0355966026770156,4.31390912856645,clear
59.31249765651757,18.044491840633093,1.6651974328901589,Max Medborgaplatsen,2.79311,1.6651974328901589,5.58622,3.3303948657803177,11.17244,1.9982369194681908,22.34488,11.657263570497017,3.3303948657803177,11.657263570497017,clear
59.31425745766215,18.03567902921339,2.134982527249586,Max Medborgaplatsen,2.81507,2.134982527249586,5.63014,4.269965054499172,11.26028,2.5619790326995036,22.52056,14.663888174397352,4.269965054499172,14.663888174397352,clear
59.311365317411166,18.073501055097765,0.4797110141553978,Max Medborgaplatsen,0.9009400000000001,0.4797110141553978,1.8018800000000001,0.9594220283107956,3.6037600000000003,0.5756532169864773,7.207520000000001,4.070150490594546,0.9594220283107956,4.070150490594546,clear
59.31474475777756,18.10013203164587,1.544758111717264,Max Medborgaplatsen,1.8748399999999998,1.544758111717264,3.7496799999999997,3.089516223434528,7.499359999999999,1.8537097340607167,14.998719999999999,10.88645191499049,3.089516223434528,10.88645191499049,clear
59.31474960650338,18.03964103011623,1.9062966323132742,Max Medborgaplatsen,2.66225,1.9062966323132742,5.3245,3.8125932646265484,10.649,2.287555958775929,21.298,13.200298446804954,3.8125932646265484,13.200298446804954,clear
59.30972614857087,18.0813829913948,0.8137270382902774,Max Medborgaplatsen,1.45767,0.8137270382902774,2.91534,1.6274540765805547,5.83068,0.9764724459483329,11.66136,6.207853045057775,1.6274540765805547,6.207853045057775,clear
59.31421705885476,18.068958533583107,0.2842223260504317,Max Medborgaplatsen,1.18882,0.2842223260504317,2.37764,0.5684446521008634,4.75528,0.34106679126051803,9.51056,2.8190228867227627,0.5684446521008634,2.8190228867227627,clear
59.316501516390204,18.09283042163891,1.129341890213174,Max Medborgaplatsen,2.97287,1.129341890213174,5.94574,2.258683780426348,11.89148,1.355210268255809,23.78296,8.227788097364314,2.258683780426348,8.227788097364314,clear
59.32009448239593,18.035735103030103,2.182333405966662,Max Medborgaplatsen,3.32967,2.182333405966662,6.65934,4.364666811933324,13.31868,2.618800087159994,26.63736,14.966933798186636,4.364666811933324,14.966933798186636,clear
59.318094992114894,18.06991347317493,0.3247720926649967,Max Medborgaplatsen,0.7615700000000001,0.3247720926649967,1.5231400000000002,0.6495441853299934,3.0462800000000003,0.389726511197996,6.092560000000001,3.078541393055979,0.6495441853299934,3.078541393055979,clear
59.31774323415642,18.01920940029839,3.075710403182968,Max Medborgaplatsen,4.22769,3.075710403182968,8.45538,6.151420806365936,16.91076,3.6908524838195613,33.82152,20.684546580370995,6.151420806365936,20.684546580370995,clear
59.31242669921655,18.090263924574298,1.0437558406213872,Max Medborgaplatsen,1.5728199999999999,1.0437558406213872,3.1456399999999998,2.0875116812427743,6.2912799999999995,1.2525070087456645,12.582559999999999,7.680037379976877,2.0875116812427743,7.680037379976877,clear
59.31576710615699,18.094088376799412,1.1972014030397367,Max Medborgaplatsen,1.5068,1.1972014030397367,3.0136,2.3944028060794733,6.0272,1.436641683647684,12.0544,8.662088979454314,2.3944028060794733,8.662088979454314,clear
59.31798578778527,18.085120833527405,0.7334825148891998,Max Medborgaplatsen,2.441,0.7334825148891998,4.882,1.4669650297783996,9.764,0.8801790178670398,19.528,5.6942880952908785,1.4669650297783996,5.6942880952908785,clear
59.31997676744596,18.073218563537296,0.4803256047785509,Max Medborgaplatsen,1.23172,0.4803256047785509,2.46344,0.9606512095571018,4.92688,0.5763907257342611,9.85376,4.074083870582726,0.9606512095571018,4.074083870582726,clear
59.30600482201296,18.06633028928963,1.142581432176473,Max Medborgaplatsen,1.96404,1.142581432176473,3.92808,2.285162864352946,7.85616,1.3710977186117674,15.71232,8.312521165929427,2.285162864352946,8.312521165929427,clear
59.31515053640653,18.088514326349053,0.8815940509752158,Max Medborgaplatsen,1.09515,0.8815940509752158,2.1903,1.7631881019504316,4.3806,1.057912861170259,8.7612,6.642201926241381,1.7631881019504316,6.642201926241381,clear
59.30639653629155,18.077452451581525,1.0623816927888328,Max Medborgaplatsen,2.97528,1.0623816927888328,5.95056,2.1247633855776655,11.90112,1.2748580313465994,23.80224,7.799242833848529,2.1247633855776655,7.799242833848529,clear
59.313994853916796,18.099547776944984,1.5195349229006225,Max Medborgaplatsen,1.7372,1.5195349229006225,3.4744,3.039069845801245,6.9488,1.823441907480747,13.8976,10.725023506563984,3.039069845801245,10.725023506563984,clear
59.30726530636929,18.06292422059531,1.099751167511345,Max Medborgaplatsen,2.07809,1.099751167511345,4.15618,2.19950233502269,8.31236,1.3197014010136139,16.62472,8.038407472072608,2.19950233502269,8.038407472072608,clear
59.311495807528686,18.083021831120522,0.7329672039913244,Max Medborgaplatsen,1.06629,0.7329672039913244,2.13258,1.4659344079826488,4.26516,0.8795606447895893,8.53032,5.6909901055444765,1.4659344079826488,5.6909901055444765,clear
59.31455322850395,18.037329224030398,2.038993928030181,Max Medborgaplatsen,2.71925,2.038993928030181,5.4385,4.077987856060362,10.877,2.4467927136362175,21.754,14.049561139393159,4.077987856060362,14.049561139393159,clear
59.30494532785175,18.070846267139185,1.2009402715348914,Max Medborgaplatsen,2.0915100000000004,1.2009402715348914,4.183020000000001,2.4018805430697827,8.366040000000002,1.4411283258418697,16.732080000000003,8.686017737823304,2.4018805430697827,8.686017737823304,clear
59.311513612297404,18.0960434999758,1.387916569286481,Max Medborgaplatsen,1.7566,1.387916569286481,3.5132,2.775833138572962,7.0264,1.665499883143777,14.0528,9.882666043433478,2.775833138572962,9.882666043433478,clear
59.31847921862128,18.057908984283216,0.9183119066390601,Max Medborgaplatsen,1.68684,0.9183119066390601,3.37368,1.8366238132781203,6.74736,1.1019742879668721,13.49472,6.877196202489985,1.8366238132781203,6.877196202489985,clear
59.314417748587864,18.09294242429757,1.140417030445836,Max Medborgaplatsen,1.42102,1.140417030445836,2.84204,2.280834060891672,5.68408,1.3685004365350033,11.36816,8.298668994853351,2.280834060891672,8.298668994853351,clear
59.31921233100946,18.0665899932752,0.5404835783958878,Max Medborgaplatsen,1.2441,0.5404835783958878,2.4882,1.0809671567917756,4.9764,0.6485802940750653,9.9528,4.459094901733682,1.0809671567917756,4.459094901733682,clear
59.3126974913047,18.09962563995309,1.5482766434178632,Max Medborgaplatsen,1.93001,1.5482766434178632,3.86002,3.0965532868357264,7.72004,1.857931972101436,15.44008,10.908970517874325,3.0965532868357264,10.908970517874325,clear
59.30543494442799,18.068286119483282,1.171793360034567,Max Medborgaplatsen,2.25671,1.171793360034567,4.51342,2.343586720069134,9.02684,1.4061520320414802,18.05368,8.499477504221229,2.343586720069134,8.499477504221229,clear
59.31186997045211,18.04615331596655,1.5900169488917582,Max Medborgaplatsen,2.39139,1.5900169488917582,4.78278,3.1800338977835163,9.56556,1.9080203386701098,19.13112,11.176108472907252,3.1800338977835163,11.176108472907252,clear
59.317636605631336,18.042728690847454,1.74154439069654,Max Medborgaplatsen,2.60037,1.74154439069654,5.20074,3.48308878139308,10.40148,2.089853268835848,20.80296,12.145884100457856,3.48308878139308,12.145884100457856,clear
59.30513467859332,18.07165737842308,1.175911701654108,Max Medborgaplatsen,2.14757,1.175911701654108,4.29514,2.351823403308216,8.59028,1.4110940419849296,17.18056,8.525834890586292,2.351823403308216,8.525834890586292,clear
59.31095468235311,18.08013168363474,0.661311485326355,Max Medborgaplatsen,1.14624,0.661311485326355,2.29248,1.32262297065271,4.58496,0.793573782391626,9.16992,5.2323935060886715,1.32262297065271,5.2323935060886715,clear
59.3175134565514,18.019258947484225,3.0710854241254895,Max Medborgaplatsen,4.21708,3.0710854241254895,8.43416,6.142170848250979,16.86832,3.685302508950587,33.73664,20.65494671440313,6.142170848250979,20.65494671440313,clear
59.31154261069806,18.092148453659018,1.17982260102808,Max Medborgaplatsen,1.62931,1.17982260102808,3.25862,2.35964520205616,6.51724,1.4157871212336959,13.03448,8.550864646579711,2.35964520205616,8.550864646579711,clear
59.31829261802986,18.03012248247705,2.462954397516716,Max Medborgaplatsen,3.5968400000000003,2.462954397516716,7.1936800000000005,4.925908795033432,14.387360000000001,2.955545277020059,28.774720000000002,16.76290814410698,4.925908795033432,16.76290814410698,clear
59.31360246860502,18.04477213163412,1.6276889474260579,Max Medborgaplatsen,2.3691199999999997,1.6276889474260579,4.738239999999999,3.2553778948521157,9.476479999999999,1.9532267369112692,18.952959999999997,11.41720926352677,3.2553778948521157,11.41720926352677,clear
59.31476014349049,18.0360418916554,2.110942202039109,Max Medborgaplatsen,2.79679,2.110942202039109,5.59358,4.221884404078218,11.18716,2.533130642446931,22.37432,14.510030093050299,4.221884404078218,14.510030093050299,clear
59.31200158701475,18.097370560870033,1.4430740057621145,Max Medborgaplatsen,1.8953,1.4430740057621145,3.7906,2.886148011524229,7.581200000000001,1.7316888069145373,15.162400000000002,10.235673636877532,2.886148011524229,10.235673636877532,clear
59.31050597417444,18.059810371652677,0.9488937981407343,Max Medborgaplatsen,1.78904,0.9488937981407343,3.57808,1.8977875962814685,7.15616,1.138672557768881,14.31232,7.072920308100699,1.8977875962814685,7.072920308100699,clear
59.309760669771165,18.095410779847473,1.4325410081874141,Max Medborgaplatsen,1.98191,1.4325410081874141,3.96382,2.8650820163748283,7.927640000000001,1.719049209824897,15.855280000000002,10.16826245239945,2.8650820163748283,10.16826245239945,clear
59.31526235235171,18.06333843350299,0.5558318585627807,Max Medborgaplatsen,1.01587,0.5558318585627807,2.03174,1.1116637171255614,4.06348,0.6669982302753369,8.12696,4.5573238948017964,1.1116637171255614,4.5573238948017964,clear
59.30800225021838,18.087074179074467,1.1684652637155233,Max Medborgaplatsen,1.58284,1.1684652637155233,3.16568,2.3369305274310466,6.33136,1.402158316458628,12.66272,8.478177687779349,2.3369305274310466,8.478177687779349,clear
59.31215952182877,18.072812551074673,0.39086607739687984,Max Medborgaplatsen,0.97549,0.39086607739687984,1.95098,0.7817321547937597,3.9019600000000003,0.4690392928762558,7.803920000000001,3.501542895340031,0.7817321547937597,3.501542895340031,clear
59.31427861278538,18.089451113772633,0.9457939285331196,Max Medborgaplatsen,1.2178900000000001,0.9457939285331196,2.4357800000000003,1.8915878570662392,4.871560000000001,1.1349527142397435,9.743120000000001,7.0530811426119655,1.8915878570662392,7.0530811426119655,clear
59.309664501519975,18.05787593079534,1.0933723788011622,Max Medborgaplatsen,1.95803,1.0933723788011622,3.91606,2.1867447576023245,7.83212,1.3120468545613946,15.66424,7.997583224327438,2.1867447576023245,7.997583224327438,clear
59.315425637247465,18.057037529615236,0.9132300065120253,Max Medborgaplatsen,1.44019,0.9132300065120253,2.88038,1.8264600130240507,5.76076,1.0958760078144305,11.52152,6.844672041676962,1.8264600130240507,6.844672041676962,clear
59.31079033779116,18.070488887901732,0.5626185006202717,Max Medborgaplatsen,1.10498,0.5626185006202717,2.20996,1.1252370012405435,4.41992,0.6751422007443262,8.83984,4.600758403969739,1.1252370012405435,4.600758403969739,clear
59.30612385009728,18.06968626246224,1.0802711233504252,Max Medborgaplatsen,1.8706099999999999,1.0802711233504252,3.7412199999999998,2.1605422467008504,7.4824399999999995,1.2963253480205101,14.964879999999999,7.913735189442721,2.1605422467008504,7.913735189442721,clear
59.30816639909418,18.09143088381634,1.3386221356174834,Max Medborgaplatsen,1.70465,1.3386221356174834,3.4093,2.677244271234967,6.8186,1.60634656274098,13.6372,9.567181667951894,2.677244271234967,9.567181667951894,clear
59.30746324387018,18.063791303351582,1.0554855017141922,Max Medborgaplatsen,2.07429,1.0554855017141922,4.14858,2.1109710034283844,8.29716,1.2665826020570305,16.59432,7.75510721097083,2.1109710034283844,7.75510721097083,clear
59.31254867367936,18.07918206096914,0.491808846662001,Max Medborgaplatsen,0.9548,0.491808846662001,1.9096,0.983617693324002,3.8191999999999995,0.5901706159944012,7.638399999999999,4.147576618636807,0.983617693324002,4.147576618636807,clear
59.3151631438501,18.050924016831143,1.2622412395304878,Max Medborgaplatsen,1.8560999999999999,1.2622412395304878,3.7121999999999997,2.5244824790609757,7.4243999999999994,1.5146894874365855,14.848799999999999,9.078343932995121,2.5244824790609757,9.078343932995121,clear
59.3175034359115,18.093682590633172,1.1917244704723522,Max Medborgaplatsen,2.45065,1.1917244704723522,4.9013,2.3834489409447044,9.8026,1.4300693645668225,19.6052,8.627036611023055,2.3834489409447044,8.627036611023055,clear
59.3132191773479,18.101125827632885,1.6210552467829438,Max Medborgaplatsen,1.8718299999999999,1.6210552467829438,3.7436599999999998,3.2421104935658875,7.4873199999999995,1.9452662961395326,14.974639999999999,11.37475357941084,3.2421104935658875,11.37475357941084,clear
59.31344425707374,18.102990031140404,1.7220159079406578,Max Medborgaplatsen,1.98317,1.7220159079406578,3.96634,3.4440318158813157,7.932680000000001,2.0664190895287895,15.865360000000003,12.02090181082021,3.4440318158813157,12.02090181082021,clear
59.305640076503856,18.078256844503894,1.155326725786632,Max Medborgaplatsen,1.73529,1.155326725786632,3.47058,2.310653451573264,6.94116,1.3863920709439583,13.88232,8.394091045034445,2.310653451573264,8.394091045034445,clear
59.31695635604677,18.07930527866836,0.3832586966105476,Max Medborgaplatsen,0.70769,0.3832586966105476,1.41538,0.7665173932210952,2.83076,0.4599104359326571,5.66152,3.452855658307505,0.7665173932210952,3.452855658307505,clear
59.305526530031315,18.0855820441026,1.3356421679230623,Max Medborgaplatsen,2.08225,1.3356421679230623,4.1645,2.6712843358461247,8.329,1.6027706015076748,16.658,9.548109874707599,2.6712843358461247,9.548109874707599,clear
59.314556592088,18.057184110835,0.9129029666945431,Max Medborgaplatsen,1.37423,0.9129029666945431,2.74846,1.8258059333890861,5.49692,1.0954835600334518,10.99384,6.842578986845076,1.8258059333890861,6.842578986845076,clear
59.318950050237326,18.0391345296553,1.9666211852175581,Max Medborgaplatsen,2.9323099999999998,1.9666211852175581,5.8646199999999995,3.9332423704351163,11.729239999999999,2.35994542226107,23.458479999999998,13.586375585392371,3.9332423704351163,13.586375585392371,clear
59.31772546456496,18.0705475061171,0.2706076541094328,Max Medborgaplatsen,0.71246,0.2706076541094328,1.42492,0.5412153082188657,2.84984,0.32472918493131936,5.69968,2.73188898630037,0.5412153082188657,2.73188898630037,clear
59.31540248125118,18.058461488486593,0.8322629912155299,Max Medborgaplatsen,1.3611,0.8322629912155299,2.7222,1.6645259824310599,5.4444,0.9987155894586359,10.8888,6.326483143779392,1.6645259824310599,6.326483143779392,clear
59.31516806954683,18.09374727200912,1.1790375565553373,Max Medborgaplatsen,1.43302,1.1790375565553373,2.86604,2.3580751131106745,5.73208,1.4148450678664046,11.46416,8.54584036195416,2.3580751131106745,8.54584036195416,clear
59.31187618387302,18.10002633754791,1.5923726915003715,Max Medborgaplatsen,2.06222,1.5923726915003715,4.12444,3.184745383000743,8.24888,1.9108472298004457,16.49776,11.191185225602378,3.184745383000743,11.191185225602378,clear
59.30850377390823,18.066340666336835,0.8850495012847276,Max Medborgaplatsen,1.65022,0.8850495012847276,3.30044,1.7700990025694552,6.60088,1.062059401541673,13.20176,6.664316808222257,1.7700990025694552,6.664316808222257,clear
59.31149289083332,18.055367883435547,1.110008990069433,Max Medborgaplatsen,1.81981,1.110008990069433,3.63962,2.220017980138866,7.27924,1.3320107880833196,14.55848,8.10405753644437,2.220017980138866,8.10405753644437,clear
59.305493322680334,18.084793676180407,1.3154126896832108,Max Medborgaplatsen,2.01356,1.3154126896832108,4.02712,2.6308253793664216,8.05424,1.578495227619853,16.10848,9.418641213972549,2.6308253793664216,9.418641213972549,clear
59.31813607785688,18.018696793781665,3.108370278673437,Max Medborgaplatsen,4.38866,3.108370278673437,8.77732,6.216740557346874,17.55464,3.730044334408124,35.10928,20.893569783509996,6.216740557346874,20.893569783509996,clear
59.320449170113285,18.041688274952328,1.8645898242063381,Max Medborgaplatsen,2.99124,1.8645898242063381,5.98248,3.7291796484126762,11.96496,2.237507789047606,23.92992,12.933374874920563,3.7291796484126762,12.933374874920563,clear
59.30778760138922,18.086936385057204,1.1807855220775327,Max Medborgaplatsen,1.6186800000000001,1.1807855220775327,3.2373600000000002,2.3615710441550655,6.4747200000000005,1.4169426264930394,12.949440000000001,8.557027341296209,2.3615710441550655,8.557027341296209,clear
59.31511592426124,18.057663407709878,0.8793352477977485,Max Medborgaplatsen,1.43588,0.8793352477977485,2.87176,1.758670495595497,5.74352,1.055202297357298,11.48704,6.62774558590559,1.758670495595497,6.62774558590559,clear
59.31562274395104,18.103463594425108,1.7310609174157028,Max Medborgaplatsen,2.10906,1.7310609174157028,4.21812,3.4621218348314056,8.43624,2.077273100898843,16.87248,12.078789871460497,3.4621218348314056,12.078789871460497,clear
59.3128285378052,18.08863588214829,0.9413259820668649,Max Medborgaplatsen,1.42694,0.9413259820668649,2.85388,1.8826519641337298,5.70776,1.129591178480238,11.41552,7.024486285227935,1.8826519641337298,7.024486285227935,clear
59.308969490187074,18.07608525604883,0.7655232967863864,Max Medborgaplatsen,1.23906,0.7655232967863864,2.47812,1.5310465935727728,4.95624,0.9186279561436637,9.91248,5.8993490994328734,1.5310465935727728,5.8993490994328734,clear
59.317504193711194,18.037602256724664,2.029944877334346,Max Medborgaplatsen,2.98828,2.029944877334346,5.97656,4.059889754668692,11.95312,2.4359338528012153,23.90624,13.991647214939814,4.059889754668692,13.991647214939814,clear
59.32021646431879,18.07636322312335,0.5405893847365564,Max Medborgaplatsen,1.8097699999999999,0.5405893847365564,3.6195399999999998,1.0811787694731128,7.2390799999999995,0.6487072616838677,14.478159999999999,4.459772062313961,1.0811787694731128,4.459772062313961,clear
59.31889324014313,18.06440196670124,0.6105184441561902,Max Medborgaplatsen,1.2273900000000002,0.6105184441561902,2.4547800000000004,1.2210368883123803,4.909560000000001,0.7326221329874282,9.819120000000002,4.907318042599617,1.2210368883123803,4.907318042599617,clear
59.3208569208191,18.047968643161088,1.541750700149734,Max Medborgaplatsen,2.64582,1.541750700149734,5.29164,3.083501400299468,10.58328,1.8501008401796808,21.16656,10.867204480958296,3.083501400299468,10.867204480958296,clear
59.31482371705627,18.044797211329143,1.6126513628636832,Max Medborgaplatsen,2.25649,1.6126513628636832,4.51298,3.2253027257273663,9.02596,1.93518163543642,18.05192,11.320968722327573,3.2253027257273663,11.320968722327573,clear
59.3127128004089,18.083866148826232,0.6974865436041893,Max Medborgaplatsen,1.02259,0.6974865436041893,2.04518,1.3949730872083785,4.09036,0.8369838523250271,8.18072,5.463913879066811,1.3949730872083785,5.463913879066811,clear
59.309815522483234,18.08594406116112,0.9811353053771416,Max Medborgaplatsen,1.31707,0.9811353053771416,2.63414,1.962270610754283,5.26828,1.1773623664525699,10.53656,7.279265954413706,1.962270610754283,7.279265954413706,clear
59.311190404179655,18.089619201718666,1.0664159704763672,Max Medborgaplatsen,1.54597,1.0664159704763672,3.09194,2.1328319409527343,6.18388,1.2796991645716407,12.36776,7.82506221104875,2.1328319409527343,7.82506221104875,clear
59.30759987697681,18.076126550500277,0.9152889625464935,Max Medborgaplatsen,1.53516,0.9152889625464935,3.07032,1.830577925092987,6.14064,1.0983467550557922,12.28128,6.857849360297559,1.830577925092987,6.857849360297559,clear
59.31452155083175,18.082154239157116,0.5329954544613315,Max Medborgaplatsen,0.7668200000000001,0.5329954544613315,1.5336400000000001,1.065990908922663,3.0672800000000002,0.6395945453535977,6.1345600000000005,4.4111709085525215,1.065990908922663,4.4111709085525215,clear
59.3134813579053,18.036215075649935,2.1127675080026176,Max Medborgaplatsen,2.7679899999999997,2.1127675080026176,5.5359799999999995,4.225535016005235,11.071959999999999,2.535321009603141,22.143919999999998,14.521712051216753,4.225535016005235,14.521712051216753,clear
59.309373531538014,18.082561375019345,0.885302342881429,Max Medborgaplatsen,1.21489,0.885302342881429,2.42978,1.770604685762858,4.85956,1.0623628114577148,9.71912,6.6659349944411455,1.770604685762858,6.6659349944411455,clear
59.32005474500873,18.055684680385387,1.1039873287942756,Max Medborgaplatsen,1.93754,1.1039873287942756,3.87508,2.2079746575885513,7.75016,1.3247847945531308,15.50032,8.065518904283364,2.2079746575885513,8.065518904283364,clear
59.31909576296732,18.030684646534688,2.443527059084175,Max Medborgaplatsen,3.74635,2.443527059084175,7.4927,4.88705411816835,14.9854,2.9322324709010097,29.9708,16.63857317813872,4.88705411816835,16.63857317813872,clear
59.316163806194055,18.053690087393175,1.1048520805434618,Max Medborgaplatsen,1.75869,1.1048520805434618,3.51738,2.2097041610869237,7.03476,1.3258224966521543,14.06952,8.071053315478157,2.2097041610869237,8.071053315478157,clear
59.30909798711516,18.06175969927317,0.974692190889989,Max Medborgaplatsen,1.66073,0.974692190889989,3.32146,1.949384381779978,6.64292,1.1696306290679868,13.28584,7.23803002169593,1.949384381779978,7.23803002169593,clear
59.313018140346266,18.041869452773653,1.801016494294651,Max Medborgaplatsen,2.9851900000000002,1.801016494294651,5.9703800000000005,3.602032988589302,11.940760000000001,2.161219793153581,23.881520000000002,12.526505563485767,3.602032988589302,12.526505563485767,clear
59.30958872385282,18.065967400267528,0.7885382780125448,Max Medborgaplatsen,1.48398,0.7885382780125448,2.96796,1.5770765560250897,5.93592,0.9462459336150538,11.87184,6.046644979280287,1.5770765560250897,6.046644979280287,clear
59.308748835256296,18.066272405036525,0.8622575312007572,Max Medborgaplatsen,1.6675499999999999,0.8622575312007572,3.3350999999999997,1.7245150624015144,6.6701999999999995,1.0347090374409087,13.340399999999999,6.518448199684846,1.7245150624015144,6.518448199684846,clear
59.31734837098493,18.051434382318536,1.2460733648622353,Max Medborgaplatsen,2.1088299999999998,1.2460733648622353,4.2176599999999995,2.4921467297244706,8.435319999999999,1.4952880378346824,16.870639999999998,8.974869535118305,2.4921467297244706,8.974869535118305,clear
59.32044549545762,18.053814398752998,1.2187755496089925,Max Medborgaplatsen,2.08947,1.2187755496089925,4.17894,2.437551099217985,8.35788,1.462530659530791,16.71576,8.800163517497552,2.437551099217985,8.800163517497552,clear
59.31610237055322,18.096405215867712,1.329971260132911,Max Medborgaplatsen,1.66945,1.329971260132911,3.3389,2.659942520265822,6.6778,1.5959655121594931,13.3556,9.511816064850631,2.659942520265822,9.511816064850631,clear
59.305096797117365,18.071718506630447,1.1798901989117538,Max Medborgaplatsen,2.1514699999999998,1.1798901989117538,4.3029399999999995,2.3597803978235077,8.605879999999999,1.4158682386941046,17.211759999999998,8.551297273035225,2.3597803978235077,8.551297273035225,clear
59.305467569410844,18.072588672497805,1.1364107834368762,Max Medborgaplatsen,2.1514699999999998,1.1364107834368762,4.3029399999999995,2.2728215668737524,8.605879999999999,1.3636929401242515,17.211759999999998,8.273029013996007,2.2728215668737524,8.273029013996007,clear
59.317720228394094,18.050888193073096,1.283560600041286,Max Medborgaplatsen,2.0601700000000003,1.283560600041286,4.120340000000001,2.567121200082572,8.240680000000001,1.5402727200495432,16.481360000000002,9.214787840264231,2.567121200082572,9.214787840264231,clear
59.32041722922513,18.052287870407586,1.296235391405672,Max Medborgaplatsen,2.07156,1.296235391405672,4.14312,2.592470782811344,8.28624,1.5554824696868061,16.57248,9.2959065049963,2.592470782811344,9.2959065049963,clear
59.30782689595329,18.09275426065973,1.4212299526837082,Max Medborgaplatsen,1.84998,1.4212299526837082,3.69996,2.8424599053674164,7.39992,1.7054759432204498,14.79984,10.095871697175733,2.8424599053674164,10.095871697175733,clear
59.320235405825564,18.07476501968024,0.5181651806649814,Max Medborgaplatsen,1.72885,0.5181651806649814,3.4577,1.0363303613299628,6.9154,0.6217982167979778,13.8308,4.316257156255881,1.0363303613299628,4.316257156255881,clear
59.31765223392774,18.0206314875562,2.994200805147026,Max Medborgaplatsen,4.17084,2.994200805147026,8.34168,5.988401610294052,16.68336,3.5930409661764315,33.36672,20.162885152940966,5.988401610294052,20.162885152940966,clear
59.30879564190909,18.091715791965804,1.3091543689652267,Max Medborgaplatsen,1.72159,1.3091543689652267,3.44318,2.6183087379304535,6.88636,1.5709852427582722,13.77272,9.378587961377452,2.6183087379304535,9.378587961377452,clear
59.30639207032038,18.06682124756204,1.092620334243202,Max Medborgaplatsen,1.84309,1.092620334243202,3.68618,2.185240668486404,7.37236,1.3111444010918423,14.74472,7.992770139156493,2.185240668486404,7.992770139156493,clear
59.31717151090619,18.03941906076306,1.9234634445140188,Max Medborgaplatsen,3.0262,1.9234634445140188,6.0524,3.8469268890280377,12.1048,2.308156133416823,24.2096,13.310166044889721,3.8469268890280377,13.310166044889721,clear
59.30848824341274,18.063074746567263,0.9814206713275512,Max Medborgaplatsen,1.7813299999999999,0.9814206713275512,3.5626599999999997,1.9628413426551024,7.125319999999999,1.1777048055930615,14.250639999999999,7.281092296496327,1.9628413426551024,7.281092296496327,clear
59.312257629728194,18.057622619472653,0.9580043687752388,Max Medborgaplatsen,1.63706,0.9580043687752388,3.27412,1.9160087375504775,6.54824,1.1496052425302865,13.09648,7.131227960161528,1.9160087375504775,7.131227960161528,clear
59.305117933677536,18.076509546582958,1.1912843493366432,Max Medborgaplatsen,2.1905799999999997,1.1912843493366432,4.3811599999999995,2.3825686986732864,8.762319999999999,1.4295412192039718,17.524639999999998,8.624219835754516,2.3825686986732864,8.624219835754516,clear
59.312666478223186,18.08495710019019,0.7551127857768093,Max Medborgaplatsen,1.12274,0.7551127857768093,2.24548,1.5102255715536186,4.49096,0.9061353429321711,8.98192,5.83272182897158,1.5102255715536186,5.83272182897158,clear
59.31549151185654,18.100282664554662,1.550029993043461,Max Medborgaplatsen,1.91773,1.550029993043461,3.83546,3.100059986086922,7.67092,1.860035991652153,15.34184,10.920191955478149,3.100059986086922,10.920191955478149,clear
59.30833775954609,18.089619125619812,1.2470632692604309,Max Medborgaplatsen,1.60006,1.2470632692604309,3.20012,2.4941265385208617,6.40024,1.496475923112517,12.80048,8.981204923266757,2.4941265385208617,8.981204923266757,clear
59.31178811511612,18.08533618822547,0.821508289733828,Max Medborgaplatsen,1.22263,0.821508289733828,2.44526,1.643016579467656,4.89052,0.9858099476805935,9.78104,6.257653054296499,1.643016579467656,6.257653054296499,clear
59.305724509638466,18.079292524201424,1.1628470767485928,Max Medborgaplatsen,1.7429100000000002,1.1628470767485928,3.4858200000000004,2.3256941534971856,6.971640000000001,1.3954164920983112,13.943280000000001,8.442221291190993,2.3256941534971856,8.442221291190993,clear
59.31135073007956,18.09885308046487,1.5452547833671275,Max Medborgaplatsen,2.04086,1.5452547833671275,4.08172,3.090509566734255,8.16344,1.854305740040553,16.32688,10.889630613549617,3.090509566734255,10.889630613549617,clear
59.3090996013413,18.084248030577598,0.9698425625435946,Max Medborgaplatsen,1.37766,0.9698425625435946,2.75532,1.9396851250871892,5.51064,1.1638110750523136,11.02128,7.206992400279006,1.9396851250871892,7.206992400279006,clear
59.31448655136309,18.074175652963465,0.14575795250499923,Max Medborgaplatsen,0.19579,0.14575795250499923,0.39158,0.29151590500999847,0.78316,0.17490954300599906,1.56632,1.932850896031995,0.29151590500999847,1.932850896031995,clear
59.31908743415981,18.03114664008186,2.4173995733339355,Max Medborgaplatsen,3.4859,2.4173995733339355,6.9718,4.834799146667871,13.9436,2.9008794880007227,27.8872,16.471357269337187,4.834799146667871,16.471357269337187,clear
59.31663356198259,18.070831091427657,0.16682925951786795,Max Medborgaplatsen,0.59161,0.16682925951786795,1.18322,0.3336585190357359,2.36644,0.20019511142144156,4.73288,2.067707260914355,0.3336585190357359,2.067707260914355,clear
59.32002024382608,18.052628303047683,1.2609045917574495,Max Medborgaplatsen,2.04209,1.2609045917574495,4.08418,2.521809183514899,8.16836,1.5130855101089393,16.33672,9.069789387247678,2.521809183514899,9.069789387247678,clear
59.3118178192033,18.069522465760922,0.4738100796568043,Max Medborgaplatsen,1.27028,0.4738100796568043,2.54056,0.9476201593136085,5.08112,0.5685720955881651,10.16224,4.032384509803547,0.9476201593136085,4.032384509803547,clear
59.31670820399913,18.08565487006432,0.7262097254051536,Max Medborgaplatsen,1.61466,0.7262097254051536,3.22932,1.4524194508103072,6.45864,0.8714516704861843,12.91728,5.647742242592983,1.4524194508103072,5.647742242592983,clear
59.32030660087485,18.044127709794473,1.727109156750266,Max Medborgaplatsen,2.69522,1.727109156750266,5.39044,3.454218313500532,10.78088,2.0725309881003193,21.56176,12.053498603201703,3.454218313500532,12.053498603201703,clear
59.32102196632454,18.06423367246108,0.780401865489389,Max Medborgaplatsen,1.71698,0.780401865489389,3.43396,1.560803730978778,6.86792,0.9364822385872668,13.73584,5.994571939132089,1.560803730978778,5.994571939132089,clear
59.31152156373758,18.08077847795995,0.6372069965209741,Max Medborgaplatsen,1.0241500000000001,0.6372069965209741,2.0483000000000002,1.2744139930419482,4.0966000000000005,0.764648395825169,8.193200000000001,5.078124777734234,1.2744139930419482,5.078124777734234,clear
59.31120548814848,18.075648640767522,0.518179868499088,Max Medborgaplatsen,1.0407,0.518179868499088,2.0814,1.036359736998176,4.1628,0.6218158421989056,8.3256,4.316351158394164,1.036359736998176,4.316351158394164,clear
59.31492591984317,18.033066079754523,2.279484812526566,Max Medborgaplatsen,3.09374,2.279484812526566,6.18748,4.558969625053132,12.37496,2.7353817750318794,24.74992,15.588702800170022,4.558969625053132,15.588702800170022,clear
59.31845292624731,18.088397522940713,0.9265986279328086,Max Medborgaplatsen,2.14045,0.9265986279328086,4.2809,1.8531972558656171,8.5618,1.1119183535193702,17.1236,6.930231218769975,1.8531972558656171,6.930231218769975,clear
59.31002246409889,18.049408434704088,1.4868553315107953,Max Medborgaplatsen,2.34631,1.4868553315107953,4.69262,2.9737106630215906,9.38524,1.7842263978129544,18.77048,10.51587412166909,2.9737106630215906,10.51587412166909,clear
59.31546242588528,18.073365696101902,0.028338594335659082,Max Medborgaplatsen,0.07611,0.028338594335659082,0.15222,0.056677188671318164,0.30444,0.0340063132027909,0.60888,1.181367003748218,0.056677188671318164,1.181367003748218,clear
59.311179238539154,18.05171076936336,1.3149536986175034,Max Medborgaplatsen,2.02725,1.3149536986175034,4.0545,2.629907397235007,8.109,1.577944438341004,16.218,9.415703671152022,2.629907397235007,9.415703671152022,clear
59.31061998978413,18.06474549149044,0.7352238327695443,Max Medborgaplatsen,1.63648,0.7352238327695443,3.27296,1.4704476655390886,6.54592,0.8822685993234531,13.09184,5.705432529725083,1.4704476655390886,5.705432529725083,clear
59.31946209862223,18.080437788440335,0.5958557231067003,Max Medborgaplatsen,2.09156,0.5958557231067003,4.18312,1.1917114462134006,8.36624,0.7150268677280404,16.73248,4.813476627882882,1.1917114462134006,4.813476627882882,clear
59.306186464446796,18.064709441573488,1.1583216761072392,Max Medborgaplatsen,1.89141,1.1583216761072392,3.78282,2.3166433522144785,7.565640000000001,1.3899860113286873,15.131280000000002,8.413258727086331,2.3166433522144785,8.413258727086331,clear
59.30762046577472,18.069819627576603,0.9151325964914243,Max Medborgaplatsen,1.65772,0.9151325964914243,3.31544,1.8302651929828486,6.63088,1.098159115789709,13.26176,6.856848617545115,1.8302651929828486,6.856848617545115,clear
59.30951194064528,18.077311878897667,0.7269259896878273,Max Medborgaplatsen,1.4813399999999999,0.7269259896878273,2.9626799999999998,1.4538519793756546,5.9253599999999995,0.8723111876253928,11.850719999999999,5.652326334002095,1.4538519793756546,5.652326334002095,clear
59.31500279396105,18.040261568585553,1.8696757806779845,Max Medborgaplatsen,2.6046,1.8696757806779845,5.2092,3.739351561355969,10.4184,2.2436109368135817,20.8368,12.965924996339101,3.739351561355969,12.965924996339101,clear
59.32001789611058,18.03511810145567,2.21469197140044,Max Medborgaplatsen,3.3650900000000004,2.21469197140044,6.730180000000001,4.42938394280088,13.460360000000001,2.657630365680528,26.920720000000003,15.174028616962815,4.42938394280088,15.174028616962815,clear
59.31597809795646,18.07930898849265,0.3571851154012753,Max Medborgaplatsen,0.54199,0.3571851154012753,1.08398,0.7143702308025506,2.16796,0.42862213848153036,4.33592,3.2859847385681618,0.7143702308025506,3.2859847385681618,clear
59.31299898619401,18.084699367674006,0.7260486316066497,Max Medborgaplatsen,1.0928399999999998,0.7260486316066497,2.1856799999999996,1.4520972632132993,4.371359999999999,0.8712583579279796,8.742719999999998,5.646711242282558,1.4520972632132993,5.646711242282558,clear
59.31403814206303,18.04322108473758,1.7093432354498899,Max Medborgaplatsen,2.36615,1.7093432354498899,4.7323,3.4186864708997797,9.4646,2.0512118825398677,18.9292,11.939796706879296,3.4186864708997797,11.939796706879296,clear
59.31206659167735,18.0461455268738,1.5847574000380906,Max Medborgaplatsen,2.40888,1.5847574000380906,4.81776,3.1695148000761812,9.63552,1.901708880045709,19.27104,11.14244736024378,3.1695148000761812,11.14244736024378,clear
59.31711001577268,18.087021698051544,0.8108202268746882,Max Medborgaplatsen,1.1266500000000002,0.8108202268746882,2.2533000000000003,1.6216404537493765,4.506600000000001,0.9729842722496259,9.013200000000001,6.189249451998005,1.6216404537493765,6.189249451998005,clear
59.30740156651468,18.0892708855383,1.3035878315275873,Max Medborgaplatsen,1.698,1.3035878315275873,3.396,2.6071756630551746,6.792,1.5643053978331047,13.584,9.342962121776559,2.6071756630551746,9.342962121776559,clear
59.31971631765545,18.078730231395554,0.5546387248193864,Max Medborgaplatsen,1.99194,0.5546387248193864,3.98388,1.1092774496387727,7.96776,0.6655664697832636,15.93552,4.549687838844073,1.1092774496387727,4.549687838844073,clear
59.310181415489566,18.066543499520968,0.7150495672499029,Max Medborgaplatsen,1.34647,0.7150495672499029,2.69294,1.4300991344998057,5.38588,0.8580594806998834,10.77176,5.576317230399378,1.4300991344998057,5.576317230399378,clear
59.306551758565455,18.072231269575898,1.0164198377901892,Max Medborgaplatsen,1.72627,1.0164198377901892,3.45254,2.0328396755803784,6.90508,1.219703805348227,13.81016,7.505086961857211,2.0328396755803784,7.505086961857211,clear
59.317854893574456,18.024537978212177,2.7742813844849383,Max Medborgaplatsen,4.0395199999999996,2.7742813844849383,8.079039999999999,5.548562768969877,16.158079999999998,3.329137661381926,32.316159999999996,18.755400860703606,5.548562768969877,18.755400860703606,clear
59.31658535838622,18.05701177864028,0.920010291208511,Max Medborgaplatsen,1.5048499999999998,0.920010291208511,3.0096999999999996,1.840020582417022,6.019399999999999,1.1040123494502132,12.038799999999998,6.88806586373447,1.840020582417022,6.88806586373447,clear
59.31544404140185,18.044053864716556,1.6524232759932236,Max Medborgaplatsen,2.69102,1.6524232759932236,5.38204,3.304846551986447,10.76408,1.9829079311918683,21.52816,11.575508966356631,3.304846551986447,11.575508966356631,clear
59.31590023593978,18.039171132991942,1.9304668787442343,Max Medborgaplatsen,2.9670799999999997,1.9304668787442343,5.934159999999999,3.8609337574884686,11.868319999999999,2.3165602544930812,23.736639999999998,13.354988023963099,3.8609337574884686,13.354988023963099,clear
59.31997822614485,18.034235214607605,2.2628338836590096,Max Medborgaplatsen,3.61784,2.2628338836590096,7.23568,4.525667767318019,14.47136,2.7154006603908116,28.94272,15.48213685541766,4.525667767318019,15.48213685541766,clear
